date,event,expected,representable,actual_2d_bp,uk_monetary_bp,uk_macro_bp,uk_risk_premium_bp,us_monetary_bp,us_macro_bp,global_risk_bp,dominant_mt,hit_mt,share_draws_hit
2008-11-25,Fed LSAP1,us_monetary,True,-14.700000000000024,-5.309244114627122,10.739535893118228,-2.6676383486144672,-5.237279812130306,1.4099998475194864,-8.157431105397437,uk_macro,False,0.253
2013-06-19,Taper tantrum FOMC,us_monetary,True,15.450000000000008,7.561364861357294,-6.493316021321927,1.8620183413186493,5.234653705797645,1.9497341301935198,1.6510480405671315,uk_monetary,False,0.312
2016-06-24,Brexit referendum result,uk_macro/global_risk,True,-44.0,-32.277185284033585,-7.957112439818594,21.172403568830173,0.9530497172879461,3.7362306067186073,-31.505739915445616,uk_monetary,False,0.635
2016-08-04,"BoE package (cut, QE)",uk_monetary,True,-13.050000000000006,-13.083759252272351,-1.0004894593631106,-4.468880030112476,3.5942167860322862,0.07549158603122597,-0.19881476041067803,uk_monetary,True,0.576
2017-11-02,BoE first hike since 2007,uk_monetary,True,-7.8500000000000005,-6.981092734308349,0.30443766999514354,0.2776377818302702,0.790593523718631,-0.42796829025618116,-1.9142367046361608,uk_monetary,True,0.578
2020-03-19,BoE emergency cut and QE,uk_monetary,True,-23.2,-8.49141401379736,1.938809628205337,-9.985179485056314,2.4644831982556537,-10.158317452904308,-0.3010651213065567,us_macro,False,0.323
2021-12-16,BoE surprise hike,uk_monetary,True,2.0000000000000018,0.9514154361248588,0.9049980432201993,2.390228786104359,2.131841417618651,-2.668198873513542,-0.5294170882890676,us_macro,False,0.162
2022-09-23,Mini-budget,uk_risk_premium,True,74.74999999999997,12.173862255392692,17.21287666325348,40.413484673646636,18.556467413047553,5.077002489599586,-18.31573995198204,uk_risk_premium,True,0.305
2022-09-26,Gilt and sterling rout continues,uk_risk_premium,True,67.75000000000003,17.874557394870635,11.725737361014692,30.72090645688864,9.95056928260316,1.9446579423967938,-1.8698206417399037,uk_risk_premium,True,0.249
2022-09-28,BoE gilt purchases,uk_risk_premium/uk_monetary,True,-35.95000000000006,-0.37983070518630235,-2.341733164407168,-28.57579529918543,-6.77853265964576,-1.5904658865446073,2.448343341254542,uk_risk_premium,True,0.514
2022-10-17,Mini-budget reversed,uk_risk_premium,True,-37.95000000000002,-12.201013259536992,-6.086753014275286,-26.115750992829362,-5.70686636034972,1.919033770361159,5.28557266476895,uk_risk_premium,True,0.304
2023-06-22,BoE 50bp hike,uk_monetary,True,-9.000000000000075,-2.461279922419685,2.2832270750661867,-13.305000673077306,4.2719464098946744,2.484232945694079,-5.074412211313025,uk_risk_premium,False,0.229
