meeting,window_start,window_end,fwd_sonia,implied_bank_rate,step_bp,cum_change_bp
,2026-06-19,2026-08-06,0.0374881021663599,0.0374881021663599,0.0,0.0
2026-08-06,2026-08-06,2026-09-17,0.037949491956013576,0.037949491956013576,4.613897896536753,4.613897896536753
2026-09-17,2026-09-17,2026-11-05,0.03889978977898307,0.03889978977898307,9.50297822969494,14.116876126231691
2026-11-05,2026-11-05,2026-12-17,0.03976234386782998,0.03976234386782998,8.625540888469105,22.7424170147008
2026-12-17,2026-12-17,2027-02-04,0.04073718678917635,0.04073718678917635,9.748429213463709,32.49084622816451
2027-02-04,2027-02-04,2027-03-18,0.04135236899776137,0.04135236899776137,6.151822085850162,38.642668314014664
2027-03-18,2027-03-18,2027-05-06,0.04187429268978218,0.04187429268978218,5.219236920208162,43.86190523422283
2027-05-06,2027-05-06,2027-06-17,0.04210947828944726,0.04210947828944726,2.351855996650734,46.213761230873565
2027-06-17,2027-06-17,2027-08-05,0.04224818137804414,0.04224818137804414,1.3870308859688374,47.6007921168424
2027-08-05,2027-08-05,2027-09-16,0.04222684130003163,0.04222684130003163,-0.21340078012507813,47.38739133671732
2027-09-16,2027-09-16,2027-11-04,0.04214360401838979,0.04214360401838979,-0.8323728164184169,46.5550185202989
2027-11-04,2027-11-04,2027-12-16,0.041993331943401435,0.041993331943401435,-1.502720749883557,45.05229777041535
