,growth,monetary,common_premium,hedging_premium,actual,other
2026-01-02,-0.9161295777821877,-0.900714313087716,0.44424178934351116,1.5572063923058812,0.1000000000000334,-0.0846042907794553
2026-01-05,-0.08288837263177731,-1.3402265091021335,-1.1352084116408157,0.4929275841541746,-2.1500000000000075,-0.08460429077945575
2026-01-06,0.26788786058502684,0.29325830301427447,-0.716184513703744,1.4796426408838952,1.2399999999999967,-0.08460429077945575
2026-01-07,0.47389597855747234,2.311903347627896,-0.8368072186279112,-1.9843878167779883,-0.11999999999998678,-0.08460429077945575
2026-01-08,2.144797932192605,-1.8849498413454824,1.4715392302763668,0.0432169696559352,1.6899999999999693,-0.0846042907794553
2026-01-09,2.3499804900775647,4.790139926668495,-1.6575647728290968,-0.37795135313748346,5.020000000000024,-0.0846042907794553
2026-01-12,0.2368650775826726,-0.7948640465710862,0.06517412426789672,0.6574291354999635,0.07999999999999119,-0.08460429077945542
2026-01-13,-0.6176927782533559,-1.0964069561144802,0.24598188807577323,-0.41727786292846464,-1.9699999999999829,-0.0846042907794553
2026-01-14,-0.889197436957158,2.0854310118816057,-0.42025314232499944,-1.6013761418200025,-0.9100000000000108,-0.08460429077945653
2026-01-15,2.8021779276571,2.7373174791014008,0.05478032252681114,-0.34967143850584614,5.160000000000009,-0.08460429077945797
2026-01-16,1.2864197124829158,-0.22237803482276886,1.426163051614752,0.9743995615045397,3.379999999999983,-0.08460429077945575
2026-01-20,-3.7746693698721074,-0.8461304545885772,3.733538349662739,0.7118657655773859,-0.2600000000000158,-0.08460429077945619
2026-01-21,1.0576402058308731,-0.11412118658327804,-1.501085716565074,-0.06782901190305422,-0.7099999999999884,-0.0846042907794553
2026-01-22,3.5391386950757724,-0.5931385021056061,-0.4196098112600695,-0.9317860909306503,1.5099999999999891,-0.08460429077945708
2026-01-23,0.7366875203042527,-0.9625205319639886,0.17163539068455635,-1.0611980882453664,-1.200000000000001,-0.08460429077945508
2026-01-26,1.4622497478841205,-1.3619609777480615,-0.3374637905746794,-0.9482206887818949,-1.2699999999999712,-0.08460429077945597
2026-01-27,0.03997881230455622,-3.8580949372974906,0.7344891646052562,1.1182312511671149,-2.0500000000000185,-0.08460429077945486
2026-01-28,-0.5138387357152361,0.7992907933123249,0.398401603091898,1.050750630090486,1.6500000000000181,-0.08460429077945486
2026-01-29,-2.7721164250438592,-0.2681506961216612,-0.3174993888837772,0.2723708008287247,-3.1700000000000284,-0.0846042907794553
2026-01-30,-0.6618593926342322,-2.7067040607295443,1.343933024597988,-0.7007652804547361,-2.809999999999979,-0.08460429077945442
2026-02-02,0.13863400269870593,2.3717346692162606,-0.2833393600239914,1.9975749788884678,4.139999999999988,-0.08460429077945442
2026-02-03,-0.8368818086837511,1.6015806455082768,0.410416601483984,-0.9705111475290231,0.12000000000003119,-0.08460429077945553
2026-02-04,0.3578533444417456,-1.157911903577885,1.3537104920905991,-1.2090476421750114,-0.7400000000000073,-0.08460429077945553
2026-02-05,-5.142393228491,-0.6612785517886222,-0.007003963326296603,-2.374719965614623,-8.27,-0.08460429077945797
2026-02-06,1.9857433705492862,0.2773325067021991,-2.006288053899979,2.4378164674279494,2.610000000000001,-0.08460429077945442
2026-02-09,0.06343586112210237,-1.1189010880920345,-0.8260488095792498,1.0261183273286079,-0.9400000000000297,-0.08460429077945575
2026-02-10,0.0940300652996553,-0.1606518233409413,-0.60163596715359,-2.5671379840256576,-3.3199999999999896,-0.08460429077945619
2026-02-11,-0.22908660589699636,5.480309621180361,-0.2555860324738731,1.0989673079699451,6.009999999999982,-0.08460429077945442
2026-02-12,-2.9440932509773723,2.623104543852649,-0.25892913490793684,-4.175477867187884,-4.84,-0.0846042907794553
2026-02-13,-2.313725012093069,-2.397812330456711,-0.5718432205224293,-0.73201514614833,-6.099999999999994,-0.08460429077945442
2026-02-17,0.7224050733387206,3.7200964935619174,-0.571362525146284,-0.28653475097488534,3.500000000000014,-0.08460429077945486
2026-02-18,0.8319376923238158,0.13538007887171052,-0.0766846375290896,1.5739711571130226,2.3800000000000043,-0.08460429077945486
2026-02-19,-0.6412025541865836,1.730928299217413,-0.3639868753304004,-0.27113457892099246,0.36999999999998145,-0.0846042907794552
2026-02-20,-0.5165322789308222,1.1685712493592328,-0.8456727205306421,1.488238040881709,1.2100000000000222,-0.0846042907794553
2026-02-23,-4.654857757170749,2.01367188822679,-0.5153235958106077,-1.1488862444660046,-4.390000000000027,-0.0846042907794553
2026-02-24,1.4187037634112862,0.753787951913788,-0.634246584229708,0.6263591596841264,2.0800000000000374,-0.0846042907794553
2026-02-25,2.208918483543746,-0.32246778119519254,-0.57991267448911,0.4980662629199996,1.7199999999999882,-0.08460429077945486
2026-02-26,-1.3911400278779749,0.09088913766916915,-0.27785626649139344,-1.0572885525203572,-2.7200000000000113,-0.08460429077945486
2026-02-27,-2.82942520653609,-2.0667284948234244,0.05526016649289164,-1.1045021743539005,-6.02999999999998,-0.08460429077945708
2026-03-02,2.4191684666173594,5.081195997049149,0.6837136182568531,1.4405262088560657,9.53999999999997,-0.08460429077945619
2026-03-03,-0.6379445354628485,2.910246802674514,0.785495262586613,-1.0131932390188174,1.9600000000000062,-0.08460429077945486
2026-03-04,2.6379780472202814,1.4543993328473375,-0.3458069156650744,0.5680338263769121,4.23,-0.08460429077945619
2026-03-05,1.0732330685535945,1.4442275408266543,1.3151370759695071,-0.30799339457027936,3.440000000000021,-0.08460429077945575
2026-03-06,-1.885582500989406,0.1301370678086866,1.958278479349001,-1.0582287553888565,-0.9400000000000297,-0.08460429077945464
2026-03-09,0.7528745781047205,0.5017227269761031,-1.154362039273857,-0.09563097502750278,-0.07999999999999119,-0.08460429077945514
2026-03-10,0.2739542232305608,0.7578679057246483,0.5184784097562672,0.22430375206799288,1.6900000000000137,-0.08460429077945553
2026-03-11,0.4636505855959763,0.9088860932116543,1.3064815671534262,1.81558604481838,4.409999999999981,-0.08460429077945619
2026-03-12,3.2926338823491905,6.297710908437774,2.5357262425389604,-2.2814667425464346,9.760000000000035,-0.08460429077945442
2026-03-13,-2.8414998417349535,-0.32797924590166677,1.0846415979103876,0.5394417805056686,-1.6300000000000203,-0.08460429077945664
2026-03-16,-0.9655789781378802,-1.4722549335776427,-2.0552224916565214,-0.15233930584849006,-4.72999999999999,-0.0846042907794553
2026-03-17,0.04806773194945642,0.09058566928207584,-0.8899438774185717,-0.1641052330335281,-1.000000000000023,-0.08460429077945553
2026-03-18,2.056442659202957,4.532015875275418,2.2734598720187704,-1.4373141157176978,7.339999999999991,-0.08460429077945797
2026-03-19,1.5755752078636978,5.245622781506135,-0.30697045891577707,-1.68962323967459,4.740000000000011,-0.08460429077945442
2026-03-20,-2.106230565833249,5.350846570396793,3.4913053857079133,3.4586829005080175,10.110000000000019,-0.08460429077945619
2026-03-23,0.44480586729526095,-3.9829576215539633,-1.2663007847027905,-0.18094317025904913,-5.069999999999997,-0.0846042907794553
2026-03-24,3.294526965123416,3.8386493387607357,0.8524425966188929,-0.6610146097235879,7.240000000000002,-0.0846042907794553
2026-03-25,0.7725049203470878,-2.5261477562545225,-1.2170005842032494,-1.6947522891098927,-4.750000000000032,-0.0846042907794553
2026-03-26,3.5534664054890306,4.0321988250186145,3.641017419330398,-1.6020783590585712,9.540000000000015,-0.08460429077945619
2026-03-27,-6.508067133530474,-1.9719336681554325,2.4036572405574126,0.2809478519079306,-5.8800000000000185,-0.08460429077945442
2026-03-30,-2.683495974917274,-1.0960471952931552,-0.8844307023082862,-3.0214218367017938,-7.769999999999966,-0.08460429077945619
2026-03-31,2.2185731632636343,-4.341022751251252,-3.2476887599788444,2.0347426387458936,-3.420000000000023,-0.08460429077945486
2026-04-01,2.2945555292427042,-2.498180735137425,0.2159877838897568,1.732241712784414,1.6599999999999948,-0.08460429077945553
2026-04-02,-0.12967198626549675,0.4733714223362087,-0.8035941537081681,-0.5455009915830793,-1.089999999999991,-0.08460429077945553
2026-04-06,3.0787190695503566,1.2185941896925807,0.13640917203051853,0.0008818595059859294,4.349999999999987,-0.08460429077945442
2026-04-07,-2.4948162323341143,-0.6797051035208339,-0.42264762906211073,1.0817732556965338,-2.59999999999998,-0.08460429077945486
2026-04-08,1.7776050600222244,-3.6452305392256155,-2.6992346570699945,2.101464427052833,-2.550000000000008,-0.0846042907794553
2026-04-09,-0.1256392857274841,-1.5179321717181478,-0.7454586643960097,1.4436344126210992,-1.0299999999999976,-0.08460429077945508
2026-04-10,0.32391383562446224,0.6458004099213408,0.5166236391075997,0.4182664061260743,1.8200000000000216,-0.08460429077945553
2026-04-13,0.46629351854829576,-1.683945396177775,-1.2558309920570705,0.8480871604659939,-1.7100000000000115,-0.0846042907794553
2026-04-14,0.2880511851630093,-1.4747990319749473,-2.1503200157798075,0.5116721533711877,-2.9100000000000126,-0.08460429077945486
2026-04-15,1.5892723937993758,-1.7940320742955882,-0.15243848368055038,1.6018024549562233,1.1600000000000055,-0.08460429077945508
2026-04-16,-0.02204121688629743,-1.2805084164423908,0.4207701799320143,1.616383744176124,0.649999999999995,-0.08460429077945508
2026-04-17,-0.9412561703619582,-3.3947258999879866,-2.1407510753283248,0.6213374364577111,-5.940000000000012,-0.08460429077945353
2026-04-20,0.6431113209763948,0.9333990810286839,-0.0817545230692472,-0.38015158815637823,1.0299999999999976,-0.08460429077945575
2026-04-21,2.0403039950767443,2.3471776408555147,1.4195237421548828,-0.9524010873076557,4.77000000000003,-0.08460429077945708
2026-04-22,1.9960725663196934,-1.4265471556627711,-0.25685925933369785,0.6819381394562418,0.9100000000000108,-0.08460429077945553
2026-04-23,1.190636136588864,0.8101263174667914,1.298445839047431,-0.224604002323672,2.9899999999999594,-0.08460429077945442
2026-04-24,-1.461427975510173,-2.097558498820987,-1.0469079876798846,0.7704987527905319,-3.919999999999968,-0.0846042907794553
2026-04-27,0.6180988814906555,0.051367252042578346,0.5302793488233043,1.1048588084228943,2.2199999999999775,-0.08460429077945486
2026-04-28,1.6937232354807086,1.6671818737124464,1.0353323048774625,-1.2516331232911433,3.0600000000000183,-0.0846042907794553
2026-04-29,2.6397334194211903,2.5426712032479335,1.3447910447272147,0.3674086233830988,6.809999999999983,-0.08460429077945442
2026-04-30,-0.5372892076416105,-4.214378394708626,-0.8935665230725373,1.3998384162022395,-4.329999999999989,-0.0846042907794553
2026-05-01,1.2394365417771374,0.08958753391060852,-0.48315153109196696,-0.1012682538163071,0.6600000000000161,-0.08460429077945564
2026-05-04,1.0429786868439173,2.7597328797258123,1.2098170222897164,0.9420757019200078,5.869999999999997,-0.08460429077945619
2026-05-05,2.459616710415729,-3.0403984202345993,-0.33718530444102,-0.7574286949606815,-1.7600000000000282,-0.08460429077945619
2026-05-06,-0.34193101510454804,-3.056424268510295,-2.5767697368368685,0.2097293112311664,-5.85,-0.08460429077945442
2026-05-07,1.0954809937124932,1.5525656487648491,0.9282904621430333,0.45826718615911016,3.9500000000000313,-0.08460429077945442
2026-05-08,0.6660151816528815,-1.1133544071673978,-1.0592364681761504,-0.13882001552988732,-1.7300000000000093,-0.08460429077945553
2026-05-11,1.6854946960822579,0.7855187414824047,0.7556169116659773,0.9679739415488294,4.110000000000014,-0.08460429077945619
2026-05-12,1.0182123452703595,0.7629888400237487,1.341815487866701,0.9815876176186038,4.019999999999957,-0.08460429077945619
2026-05-13,0.08421938984360752,-1.7830991967216105,-0.26597587297209807,0.9294599706295906,-1.1199999999999655,-0.08460429077945486
2026-05-14,2.7344882974082116,-0.21215342728676803,-0.6011957273252281,-0.0565348520167797,1.7799999999999816,-0.0846042907794542
2026-05-15,0.5253245329978257,1.088520375468507,4.021331257278991,2.1994281250341445,7.750000000000012,-0.08460429077945619
2026-05-18,-0.22035644472397,-0.02006711609258153,0.6042780893214421,0.0007497622745782216,0.28000000000001357,-0.08460429077945525
2026-05-19,0.7299746605661658,0.21738166704156917,2.244301084468476,0.452946878703252,3.5600000000000076,-0.0846042907794553
2026-05-20,-1.0328722341456942,-1.7222106715086827,-2.889563976878692,-0.9807488266875143,-6.710000000000038,-0.0846042907794553
2026-05-21,1.5450077688358907,2.6568625895914195,-0.6552836559417246,-0.34198241170611837,3.1200000000000117,-0.08460429077945575
2026-05-22,3.064940472721382,2.9341090448516676,-0.8331419099128785,-0.9713033168807464,4.109999999999969,-0.0846042907794553
2026-05-26,-1.782012530300975,-2.6701909923358627,-1.8393696642896937,-0.2738225222939693,-6.649999999999956,-0.0846042907794553
2026-05-27,-0.19112926401671523,-0.019265578925948077,-0.43719248954873946,-0.3578083767291774,-1.0900000000000354,-0.0846042907794553
2026-05-28,1.0900607490744911,-0.7694429089846356,-0.9816351556606079,-0.37437839364975806,-1.1199999999999655,-0.08460429077945508
2026-05-29,-0.9866220621906601,0.08250642603322644,-0.6438022610874785,0.6225221880243681,-1.0099999999999998,-0.08460429077945575
2026-06-01,2.4054031958012403,0.6027989825616487,0.3757516480950228,0.06065046432152874,3.359999999999985,-0.08460429077945486
2026-06-02,1.0471881584428657,-0.0560107656023236,-0.3278579645709515,-0.8287151374901298,-0.24999999999999467,-0.08460429077945542
2026-06-03,0.09369762649500882,1.7167160736255953,1.5062750189487581,-0.23208442828992645,2.9999999999999805,-0.0846042907794553
2026-06-04,-0.6614902164646644,-1.6670498515686005,-0.5490422744339687,0.21218663324670312,-2.749999999999986,-0.0846042907794553
2026-06-05,0.4110843653843198,8.60874732359813,3.2935143232446875,-2.198741721447654,10.030000000000028,-0.08460429077945619
2026-06-08,-0.5438321725879882,-0.5838618016400998,0.295942621917394,0.5263556430900813,-0.39000000000006807,-0.0846042907794553
2026-06-09,-0.9983627872678114,-0.18769772637795373,-0.22290810132178152,-0.9564270942529721,-2.4499999999999744,-0.08460429077945575
2026-06-10,-2.4668173313580573,2.5199351907691714,1.6315086646524302,-1.0800222332840568,0.5200000000000315,-0.08460429077945597
2026-06-11,0.24696701821819997,-2.7630845643375883,-3.086723333032277,-0.712554830068886,-6.400000000000006,-0.08460429077945442
2026-06-12,1.2732254614697818,0.011456684695147828,-0.08075801342800884,1.3706801580425056,2.48999999999997,-0.08460429077945619
2026-06-15,1.0375469223509917,-2.9954092375615167,-1.6547430292146905,1.557209635204684,-2.1399999999999864,-0.08460429077945442
2026-06-16,-0.6583243724231751,2.1041909709202584,-0.7521169202624449,-1.8491453874551793,-1.2399999999999967,-0.08460429077945575
2026-06-17,3.1924499882502566,11.588618999216502,0.9822045308155998,-1.398669227502924,14.279999999999982,-0.08460429077945086
2026-06-18,0.8533093437731358,-1.4372509322527112,-1.496444340740033,-0.24500978000091395,-2.409999999999979,-0.08460429077945619
2026-06-22,0.08946603812646357,3.7583019701842697,0.6652705001891049,1.2415657822796369,5.6700000000000195,-0.08460429077945619
2026-06-23,-2.4773550428653692,-0.1359112689177748,1.234334054838353,-1.6364634522758115,-3.1000000000000583,-0.08460429077945575
2026-06-24,-1.5851639256258543,1.2295369625126338,-1.7686870945445987,-2.7410816515626477,-4.949999999999921,-0.08460429077945442
2026-06-25,-2.2972851032922694,0.7489785420815318,-0.5444223372523173,0.2973331892424514,-1.8800000000000594,-0.08460429077945597
2026-06-26,-1.8252640484386544,-0.8178183200806001,-0.5346070692586957,0.47229372855742385,-2.7899999999999814,-0.0846042907794553
2026-06-29,1.9257176137110985,-0.18018562666141752,-1.1655147785825066,1.0745870823122627,1.5699999999999825,-0.08460429077945464
2026-06-30,1.2139230150803748,-0.9039862684734863,0.3738347660579279,2.840832778114615,3.4399999999999764,-0.0846042907794553
2026-07-01,0.6271584902758619,0.21455322189628842,1.0828470512319606,1.1600455273753696,3.000000000000025,-0.0846042907794553
2026-07-02,-1.7325130775902675,-2.1094382968548766,0.5549442393294496,1.1616114258951495,-2.210000000000001,-0.08460429077945575
2026-07-06,-0.2204526376239751,-2.064185935809465,-0.7427021276811949,0.9119449918940659,-2.200000000000024,-0.08460429077945442
2026-07-07,0.5669490801331623,2.553613095285161,1.337248395120329,1.2167937202408314,5.590000000000028,-0.0846042907794553
2026-07-08,0.0827031673540274,0.911367938326347,0.9539242463061907,0.11660893879289431,1.980000000000004,-0.0846042907794553
2026-07-09,-0.4319737299989616,-2.9094582206465973,-0.8380034710660915,0.7340397124910719,-3.530000000000033,-0.08460429077945486
2026-07-10,1.574538172774306,1.5403171301815621,-0.08034141013889215,0.6900903979625229,3.640000000000043,-0.08460429077945575
2026-07-13,0.8553505346660503,3.565902293141969,1.3126957325889583,0.030655730382474367,5.679999999999996,-0.0846042907794553
2026-07-14,-1.0625785629091666,-5.872882556257842,0.10542492975320514,-0.4253595198067769,-7.340000000000035,-0.0846042907794553
2026-07-15,-1.6115525037929468,-3.1882182154782037,-0.6958025980978263,0.3401776081484747,-5.239999999999956,-0.08460429077945353
2026-07-16,-0.28831534866814207,2.0908277619925624,0.5655204394540287,0.02657143800104046,2.3100000000000342,-0.0846042907794553
2026-07-17,-0.010178893215052562,3.378942001135558,0.47671316088454285,-2.420871978025607,1.3399999999999856,-0.08460429077945575
2026-07-20,-0.1513659237812932,1.591707374300918,1.0965973410921739,0.8576654991676702,3.310000000000013,-0.08460429077945575
2026-07-21,2.4771064461898407,0.8833351942321765,-0.10381944668230066,1.4579820970396946,4.629999999999956,-0.0846042907794553
2026-07-22,0.7472013761700085,2.3749214942075985,0.43583681401022767,0.8066446063915935,4.279999999999973,-0.0846042907794553
2026-07-23,-0.6109745591642345,4.125885206981734,1.6250078676822794,-0.6753142247203191,4.380000000000006,-0.08460429077945442
2026-07-24,-1.253604564357763,0.414017880991056,-0.4367906007642367,-0.5490184250895902,-1.9099999999999895,-0.08460429077945553
2026-07-27,0.44218083850921147,0.8862508784636878,-0.8885822393973279,-1.1952451867961127,-0.8399999999999963,-0.08460429077945486
2026-07-28,-0.8437951983045554,-1.9984488550353627,-0.8039059926591618,-0.6192456632214506,-4.349999999999987,-0.08460429077945619
2026-07-29,-5.318407124800725,-2.5093977945661106,2.910594792199236,2.1518144179470355,-2.850000000000019,-0.08460429077945486
2026-07-30,2.329872425956434,-3.6334130527500954,-0.3357746500113436,1.5239195675844814,-0.19999999999997797,-0.08460429077945442
2026-07-31,1.3598024995346154,-0.3078188366089819,0.5037600094930541,3.148860618360748,4.61999999999998,-0.08460429077945619
2026-08-03,1.7120317277973836,-2.13475311230086,-2.327314519612057,0.1246401948949976,-2.70999999999999,-0.08460429077945486
2026-08-04,0.6043189467831843,-3.9095585076717767,-2.8307330469118024,0.7805768985798266,-5.440000000000023,-0.08460429077945442
2026-08-05,-0.21284043010571257,-0.42907102886458376,0.036543693683976655,-0.11002794393422587,-0.8000000000000007,-0.0846042907794552
2026-08-06,1.9291797312057342,1.8593024619688079,1.231691912470389,0.47443018513452884,5.410000000000004,-0.08460429077945619
2026-08-07,-1.2114219232045067,-3.3588151480065513,-0.9077835198101245,0.6426248818006473,-4.919999999999991,-0.0846042907794553
2026-08-10,1.1014821006760784,0.8525719547041648,1.113839829594544,1.6067104058047175,4.59000000000005,-0.0846042907794553
2026-08-11,-0.8261169074775861,-0.40174507911195284,0.20445734059261997,-0.6119910632236134,-1.7199999999999882,-0.08460429077945575
2026-08-12,-0.7219409538126713,-1.5177938329348801,-0.18047061852234925,0.27480969604931327,-2.230000000000043,-0.08460429077945575
2026-08-13,-0.6105259510546609,-2.5968599689347776,-1.1769600604105135,-0.4710497288206256,-4.940000000000033,-0.0846042907794553
2026-08-14,0.3519228862024653,-0.7692702572166281,1.3868167304544545,1.1651349313391812,2.0500000000000185,-0.08460429077945442
2026-08-17,-2.000864696201867,0.8424398934250816,0.9939459401945546,1.1590831533616968,0.9100000000000108,-0.08460429077945542
2026-08-18,0.19700703143370837,1.0300968419144543,0.5441049974731462,-1.9466045800418692,-0.2600000000000158,-0.08460429077945553
2026-08-19,3.5935358095313528,0.9953519342989697,-1.0427327858649773,-3.8015506671858965,-0.34000000000000696,-0.0846042907794553
2026-08-20,-0.7332813304540696,0.17127124244020814,1.9161230362379849,-0.09950865744464178,1.1700000000000266,-0.08460429077945508
2026-08-21,1.0946212802395987,1.0330935437234983,0.37930429895239676,1.6675851678639324,4.089999999999971,-0.08460429077945442
2026-08-24,0.862527152810447,2.0893144213520176,-0.5107614619132272,-1.9964758214697336,0.36000000000004917,-0.08460429077945464
2026-08-25,-0.8564715100958347,-0.005662206186780466,-1.629494723904242,-1.3837672690336953,-3.960000000000008,-0.0846042907794553
2026-08-26,0.7324532546132568,0.822390270915088,0.46375859862336377,0.3160021666277431,2.2499999999999964,-0.0846042907794553
2026-08-27,1.2540589735397256,-0.9454516241193623,-0.20122008934186741,0.9672170307009613,0.990000000000002,-0.0846042907794553
2026-08-28,3.312462824738775,7.461258411918786,0.35446041651006993,-0.07357736238816191,10.970000000000013,-0.08460429077945619
2026-08-31,-1.3316301895855365,-0.32899004170907586,0.7577592265638755,0.687465295510181,-0.30000000000001137,-0.08460429077945553
