,ea_monetary,ea_macro,us_monetary,us_macro,global_risk,actual,other
2026-01-05,-1.3110198673982847,2.118371132135861,2.6914116329483573,0.8845946471628403,0.666838799174217,5.000000000000027,-0.05019634402296447
2026-01-06,-3.777367184541794,-2.7021069443714434,1.4007076858080663,0.8334121237637221,0.29554987125031407,-4.0000000000000036,-0.050195551908868374
2026-01-07,-4.354893102824445,-0.007310964298773527,-1.0105681389925825,-0.7899966868171996,0.2129644286021352,-6.000000000000005,-0.0501955356691397
2026-01-08,3.731008397586593,0.00027354518589183614,0.4882481540591602,0.2463633441912084,-0.41569778257348355,4.0000000000000036,-0.050195658449366576
2026-01-09,-3.9081253757505743,1.6522374289066375,0.4307644393551119,0.9114421476258423,-0.03612200070668968,-1.000000000000023,-0.050196639430350465
2026-01-12,0.7710695537832812,-0.8690032904802145,0.04382292834911141,-0.009392730308252639,0.11369903943840143,0.0,-0.050195500782326916
2026-01-13,-1.0386039159363893,0.2659161779880441,0.1248013887864937,-0.1367847859535737,0.8348664674498045,0.0,-0.05019533233437934
2026-01-14,-0.09004729549586456,0.3464675795628363,0.1766776435967876,-0.53405998442161,-0.8488425062821944,-0.9999999999999787,-0.05019543695993367
2026-01-15,-2.881229806805862,-0.4061385283683228,0.5816599566627682,0.39635007255254506,-0.6404456581258364,-3.000000000000025,-0.050196035915317516
2026-01-16,0.2898520344761026,-1.0683381555610756,1.4727693533033062,0.2659808053591457,0.08993206550058826,1.000000000000023,-0.05019610307804401
2026-01-20,4.899754149602222,-0.8104188935930984,3.1607172002061423,-3.029068051978807,1.829212731064503,6.000000000000005,-0.05019713530095693
2026-01-21,-4.271861707992452,0.44537130710562883,-0.32328956020362615,-0.49941958008012655,2.699394527790989,-2.0000000000000018,-0.05019498662041455
2026-01-22,0.605840483061257,1.1861256042068289,-1.7757309287468173,0.6382583983731648,-0.6042975131644974,0.0,-0.050196043729936135
2026-01-23,3.6673069489531684,0.03445293435275012,-1.05304318545022,-0.32122160827301033,0.7227008739006188,2.9999999999999805,-0.05019596348332689
2026-01-26,0.09909667760579559,0.10208846723948037,-1.2870976440159214,-1.2054840252953747,0.3415917163509293,-2.0000000000000018,-0.05019519188491084
2026-01-27,0.32730738463026954,0.01621494464633339,-1.4361115041482826,-0.9398056611402729,2.0825907609895915,0.0,-0.05019592497763892
2026-01-28,-1.624308722715949,-2.617097793435992,-0.671937766791421,-0.027114390613269184,1.9906540389556187,-2.9999999999999805,-0.050195365398968406
2026-01-29,1.123109281838237,1.0842933766144465,-0.5657158073045008,-0.27192774271178743,-0.3195627172263902,0.9999999999999787,-0.0501963912100265
2026-01-30,-2.15225201556792,1.6068419868169723,1.0553001540492197,0.213744645708833,-0.6734382347481069,0.0,-0.050196536258998004
2026-02-02,-2.056305521526713,-0.33121852116665756,1.9866038824476633,1.3539635181349656,-0.9028475726861465,0.0,-0.05019578520311185
2026-02-03,1.3311739459964185,0.41302202050031794,1.9444001995655187,-0.3068245717003072,-0.33157597953479373,3.000000000000025,-0.0501956148271292
2026-02-04,-0.5812921265112859,-0.2785468250060762,1.672653079920979,-0.547957372215426,-0.21466197497448378,0.0,-0.050194781213707046
2026-02-05,-0.6577432393139483,1.0019160004087506,0.5935444164020827,-1.141258082624157,-0.7462636665167083,-1.000000000000023,-0.05019542835604285
2026-02-06,-1.2619716872156401,-0.41323927629272106,-1.5169050907248094,0.7798713682699419,-1.5375589496576656,-4.0000000000000036,-0.05019636437910924
2026-02-09,2.785892023720617,0.5662580915713065,-1.8210945145146118,0.12424375717346403,1.3948955844493989,3.000000000000025,-0.05019494240014977
2026-02-10,-1.6947859453216005,-0.17477395596852738,-1.5170693661191104,-0.5920300263051738,1.0288551038097051,-3.000000000000025,-0.05019581009531837
2026-02-11,-0.8157654391888999,-1.0942704427367669,0.1400662462719867,-0.12640840418247332,-1.053425799711933,-2.9999999999999805,-0.05019616045189412
2026-02-12,-1.145597786912994,2.2121806748101602,0.4192536933979731,-1.2228369138972779,-0.2128041910186529,0.0,-0.050195476379208515
2026-02-13,1.39621080299344,-0.22609908498069353,-0.2062088838668038,-0.5472682032576159,-2.366438715767758,-2.0000000000000018,-0.05019591512057042
2026-02-17,-2.76965027068326,-0.4277478723335026,-0.0847421656249382,0.4497441889730784,-1.1174087092278397,-4.0000000000000036,-0.05019517110354155
2026-02-18,-1.655889053693957,0.6991757282364269,0.6971090002862144,0.7241474789326501,-0.4143477478356111,0.0,-0.05019540592572325
2026-02-19,1.5956151426240308,-1.3119694936917403,0.8857052101716657,0.47036308817090877,0.4104830203263643,2.0000000000000018,-0.05019696760122727
2026-02-20,-2.5031317221506613,1.2232373522769369,0.03242890246928619,0.31837909603175696,-1.0207175743937966,-2.0000000000000018,-0.0501960542335238
2026-02-23,0.13526484069308245,0.3528805012056461,-0.1775241245479752,-1.0038424367120071,0.7434170878001922,0.0,-0.05019586843893853
2026-02-24,-1.5232809222392998,-1.1880485132251608,-0.5565528575545927,0.10261698461239323,-0.7845384655889303,-4.0000000000000036,-0.05019622600441309
2026-02-25,0.8892341038528806,0.8308173491978081,-0.8600255067320384,0.7627812343032158,0.4273900409046752,2.0000000000000018,-0.050197221526539604
2026-02-26,-0.5333013610939572,-0.14582811668162943,-0.5102683008307166,-0.06291675373563062,0.30251118500236657,-1.000000000000023,-0.05019665266045581
2026-02-27,0.12393549612251406,0.48204642748547655,-0.4330171003359301,-1.0192316705416749,-1.1035381491288503,-2.0000000000000018,-0.05019500360153728
2026-03-02,0.9125912703646143,-5.105629431237026,0.883556616044791,1.1885975474243693,-0.8289199659781704,-2.9999999999999805,-0.05019603661855854
2026-03-03,12.018248337207464,0.23108809056918214,1.6826151200856285,1.4250700589007397,-2.306826434155832,12.99999999999999,-0.05019517260719297
2026-03-04,-5.0432313579479535,2.8056287507769477,0.42775216278898465,0.6932648446821233,-2.8332197129864345,-4.0000000000000036,-0.05019468731367116
2026-03-05,3.6266521744853644,-2.991735958747584,0.7293222719782999,0.5355350375965304,1.150422404086074,3.000000000000025,-0.0501959293986598
2026-03-06,3.8700100320105917,1.9587584980484314,1.95826627588559,-0.8576814456329499,-0.879157747742191,6.000000000000005,-0.0501956125694667
2026-03-09,3.1005960399296972,0.2625955098604407,0.19356140162506846,0.6673716609101055,-0.17392858703110392,4.0000000000000036,-0.05019602529420464
2026-03-10,-5.827166314080916,2.2474125521621104,0.25406262686929826,-0.12159230891012544,-0.5025205037192296,-4.0000000000000036,-0.05019605232114088
2026-03-11,2.9474583977814315,-2.6184548479484375,2.3239929059185007,0.6385251489852583,1.7586750848813537,4.999999999999982,-0.05019668961812407
2026-03-12,-0.3396083086747734,0.20993878122948018,4.737488268732027,-0.1997873928809096,-0.3578353299406168,4.0000000000000036,-0.050196018465203274
2026-03-13,-2.741380756315158,0.31803783028274685,3.7183983353476235,0.04444069896642714,-0.28930087972099855,0.9999999999999787,-0.050195228560662386
2026-03-16,1.7437439190511743,1.037647748350448,-0.7584772177583855,0.15953008698906268,-1.132248503725332,1.000000000000023,-0.05019603290694419
2026-03-17,-0.1010847496026138,-0.39548132153167453,-2.2099586106446343,-0.03862366460838746,-0.20465580907632777,-2.9999999999999805,-0.050195844536342626
2026-03-18,-3.2040459632215708,-1.2886017056482701,1.1852868262201766,-1.1394819558277711,0.4970381255711919,-4.0000000000000036,-0.05019532709376007
2026-03-19,8.236710643897858,0.2194754238181875,1.6711745355308216,-0.5936893959791932,0.5165242655409534,9.999999999999964,-0.05019547280866199
2026-03-20,1.255871485767711,-3.113174708923372,4.108433326524102,-0.8875037841147522,-0.3134310767979222,1.000000000000023,-0.05019524245574325
2026-03-23,-0.35253495332895396,4.83588058073287,0.4266607941917312,-0.3512714234931509,2.49146122143211,6.999999999999984,-0.050196219534622166
2026-03-24,-2.5940575374235824,-3.085192022380528,0.34076012130763944,0.016487589211742024,0.37219806879836953,-4.999999999999982,-0.05019621951362385
2026-03-25,-5.094423540161793,2.5434011323440386,-1.644948676186821,-0.4589986289455258,0.7051652032559941,-4.0000000000000036,-0.05019549030589587
2026-03-26,4.952728800852334,-2.160966678159045,3.2407187214345585,-0.6778717921457877,-0.3044130717276079,4.999999999999982,-0.05019598025447003
2026-03-27,2.5480702567662954,2.2588167734561972,5.114612442347786,-1.07410332096393,0.20279965905894082,9.00000000000003,-0.0501958106652598
2026-03-30,-4.292626830873207,1.8684244860615722,2.2724536204101824,-0.009296298128807686,-1.7887586897309762,-2.0000000000000018,-0.05019628773876583
2026-03-31,2.2102024902013375,-2.6311350115585634,-4.105593054497851,1.2881349980215853,-2.7114154929625243,-6.000000000000005,-0.05019392920398946
2026-04-01,-5.870786613833828,1.0194883260827825,-3.5349872734367267,-0.2683108310243389,1.7047914495234022,-7.000000000000028,-0.05019505731131879
2026-04-02,4.85760002847932,-0.35631774942467603,-0.8825101183513498,0.6382357788685575,2.793189319394873,7.000000000000028,-0.05019725896669591
2026-04-07,0.9381571572750745,-2.2053250664739763,-0.4707993007908666,0.5921034015843539,-1.8039410972745598,-3.000000000000025,-0.05019509432005087
2026-04-08,-9.793744965257513,5.096268561949855,-3.8144420160394543,0.12432388705614295,1.4377902750093479,-6.999999999999984,-0.05019574271836191
2026-04-09,8.698027433052921,-3.131279781647414,-2.5614556910815156,0.8494401837068989,3.195463962118597,6.999999999999984,-0.050196106149503095
2026-04-10,1.6364060439620822,1.3827887548831739,0.5488540724122088,0.4202834458034787,0.061864018769662056,4.0000000000000036,-0.05019633583060212
2026-04-13,3.181820846730103,-0.5369855777219241,0.07377418910210619,1.253551012777425,0.07803373090651951,4.0000000000000036,-0.05019420179422607
2026-04-14,0.27369908053511316,0.8248665294413511,-2.698596968733347,0.6979064582960429,-1.047680412317885,-2.0000000000000018,-0.05019468722127707
2026-04-15,2.3777924659392253,-3.152126194345961,-2.5722751993137978,0.7840052671705894,0.6127989434679585,-2.0000000000000018,-0.050195282918016115
2026-04-16,-0.43869239912799246,0.15308822419052404,-0.8231888138885499,0.6705631253334179,0.48842673107053874,0.0,-0.05019686757793823
2026-04-17,-2.356865828425935,3.3599499068616683,-2.0459847964768287,0.8150587574523013,0.2780383288743169,0.0,-0.05019636828552276
2026-04-20,1.2015071837801456,-3.7796495107493375,-1.5453981468957736,0.33991197432563236,-0.166176416557323,-4.0000000000000036,-0.050195083903347815
2026-04-21,-1.53450295504038,0.030160435801374463,0.49167693770417126,-0.33647433158771006,-0.6006643350317324,-2.0000000000000018,-0.050195751845725
2026-04-22,2.0325792029877197,0.08096304528563385,-0.00725674142062987,1.1059380594508774,-0.1620282747463077,3.000000000000025,-0.05019529155726854
2026-04-23,2.118449995800724,-0.11365039931679528,0.6264507061166615,0.7868259966892707,-0.36787892777741027,2.9999999999999805,-0.05019737151247039
2026-04-24,0.440980736679576,0.372293825432929,-1.0829356860239743,0.3146323217950228,0.005223828048172828,0.0,-0.05019502593172641
2026-04-27,0.3118378233743621,-1.5296704193500428,-0.8184235595151955,0.18922892276011788,-0.10277646699767973,-2.0000000000000018,-0.05019630027156374
2026-04-28,2.6196909321181603,1.2242663593862502,0.48803494135877873,0.06313320732855726,0.6550687959041117,5.000000000000027,-0.05019423609583118
2026-04-29,-0.24567856434840535,-0.9671183695157715,1.9998954563160565,0.3795728461157078,-0.11647596040175841,0.9999999999999787,-0.05019540816585022
2026-04-30,0.026616656227410666,1.9175866887168942,-0.27310495897785764,0.4720473857282711,0.9070498818447983,3.000000000000025,-0.05019565353949185
2026-05-04,-0.23369903031901174,-5.124655877005268,-0.5975661007654072,0.36273439991173184,0.6433836490019962,-5.000000000000027,-0.05019704082406751
2026-05-05,-2.8847062633720597,4.688745210221658,-1.2778546339216765,0.17976936274310817,0.3442432993644171,1.000000000000023,-0.05019697503542364
2026-05-06,-5.14972716347855,1.3759967585727069,-3.245192122995847,0.40411032843344197,0.6650068899991858,-6.000000000000005,-0.050194690530942054
2026-05-07,2.790714538633178,-3.401933200733491,-1.0880071672041234,-0.21700547612796908,0.9664271879681449,-1.000000000000023,-0.05019588253576257
2026-05-08,1.6316463262348249,0.2759434241974,-1.5210455209649942,0.07812596951210939,0.5855281627345356,1.000000000000023,-0.05019836171385239
2026-05-11,2.6151519747891214,-0.5422276642786078,-0.35111689057345985,0.7561102370338944,-0.42772254913158037,2.0000000000000018,-0.050195107839366315
2026-05-12,5.66936277381246,-1.270879641532675,1.2401530049683884,1.0846963795613804,0.3268629097273146,6.999999999999984,-0.05019542653688447
2026-05-13,-2.5873176909871343,1.734906770232112,0.7169336080043179,0.9991659726177495,-0.8134926100846824,0.0,-0.050196049782362695
2026-05-15,0.4709882825325088,-2.912174270393178,3.119303953197632,1.2722848500732726,0.09979441686562657,2.0000000000000018,-0.05019723227586015
2026-05-18,0.002324801798962571,2.804720833421209,2.2632132977680013,-0.1675515053645563,1.1474884114518091,6.000000000000005,-0.050195839075421134
2026-05-19,-4.146747547839171,-1.4448801613622475,2.74613550563463,-0.05919848153723021,0.9548862641600546,-2.0000000000000018,-0.050195579056037554
2026-05-20,-2.6854749129097537,4.317000953112268,-1.2575154591083648,0.12351516374477223,0.5526709622941248,1.000000000000023,-0.05019670713302382
2026-05-21,-2.273806328817804,-3.832256533258602,-1.5430734498039786,0.4611876349391086,-0.7618559851165811,-8.000000000000007,-0.050195337942149365
2026-05-22,-2.3318932903888956,1.8826682947192823,-1.1767043880116026,-0.21487832084380865,-0.10899690360813118,-2.0000000000000018,-0.050195391866846295
2026-05-26,-5.413948361815724,-0.17336546779657366,-2.479345003052736,-0.4000899216017338,0.516944448143225,-8.000000000000007,-0.050195693876465164
2026-05-27,0.8327189175101313,-0.28384555752997576,-2.066517383099608,-0.3505012911183862,-0.08165911098885532,-2.0000000000000018,-0.05019557477330738
2026-05-28,4.649020754844735,0.573704840885487,-1.3659931756437178,0.30348756008291056,-0.11002339146325057,4.0000000000000036,-0.05019658870616084
2026-05-29,-1.3687670691052665,-0.9783369830212767,-1.1457698439169723,0.05726681157567477,-0.5141970924911162,-4.0000000000000036,-0.05019582304104686
2026-06-01,1.9612097338263152,-0.5643548680825358,-0.1843323510557627,0.8952147648053577,-0.057541732683118754,2.0000000000000018,-0.050195546810253955
2026-06-02,-3.001263467905817,1.7853838566562685,-0.14378766020434702,0.1361894140937997,-0.7263268579000164,-2.0000000000000018,-0.050195284739889656
2026-06-03,4.07997901366618,-1.2938200098087385,1.8455562759779085,0.11120900321955816,0.3072723841571515,4.999999999999982,-0.05019666721207816
2026-06-04,0.1845772590735422,2.172682707352103,0.9953472284275573,0.17051418633716284,-0.47292620177330463,3.000000000000025,-0.05019517941703633
2026-06-05,-3.3758863628915727,-1.669156035571607,4.801097353515348,-0.5069101927395963,-0.19894823919985383,-1.000000000000023,-0.0501965231127417
2026-06-08,0.5079435590387942,1.5275918918274574,3.382407514089047,-0.6698901888262534,-0.6978559941344681,4.0000000000000036,-0.05019678199457367
2026-06-09,-1.674558609749366,-1.0083973731173879,0.6126215125892374,-0.5046749461729996,0.6252045029280645,-2.0000000000000018,-0.050195086477550444
2026-06-10,-0.16101021108806207,0.38181297783038537,1.4544289110649877,-1.3226980176918681,-0.30233736906765907,0.0,-0.05019629104778389
2026-06-11,1.1937362526396917,1.8911401481516257,-1.127583524082502,0.8566758422298503,-0.7637729524589862,2.0000000000000018,-0.050195766479677495
2026-06-12,-4.744349725447223,-0.8601830899896895,-1.3041321788244002,0.4780625545852256,-1.519202437393864,-8.000000000000007,-0.050195122930055014
2026-06-15,-1.6341650406630517,-0.9725042904687624,-3.010480348806237,0.1612723373051328,2.506073407208405,-2.9999999999999805,-0.05019606457546688
2026-06-16,-1.2906490324336042,0.9606340628416284,-1.7653915381163459,-0.577939536756786,0.7235402096589365,-2.0000000000000018,-0.05019416519383069
2026-06-17,-3.0474483990496077,0.7459092725437999,2.3328270724274605,-0.846512676337949,-0.13457886782568174,-1.000000000000023,-0.050196401758045184
2026-06-18,-2.0073612019709706,-0.2879005580382342,1.542729309728729,1.4886633065863342,0.31406408498596555,1.000000000000023,-0.05019494129180058
2026-06-22,3.190760590377257,-1.0335823862074793,2.001371829048714,1.414428950130095,-2.522782295113284,2.9999999999999805,-0.05019668823532131
2026-06-23,-3.9342185638042992,-0.623034155323219,1.900574348379976,-0.8021135436306569,-0.4910129782406379,-4.0000000000000036,-0.050195107381166615
2026-06-24,-0.8626392902429867,1.8362658264692895,-0.3187327217670164,-0.4958831367011407,-2.1088145161502734,-1.9999999999999574,-0.05019616160782969
2026-06-25,-0.7110040896629574,0.37902938500801564,-1.2289641331511119,-0.28537823520497047,-2.1034864018760233,-4.0000000000000036,-0.05019652511295636
2026-06-26,1.1889700737042297,-1.2004989978910872,-1.0442501247098415,-0.5554302825892261,0.6614050283787742,-1.000000000000023,-0.05019569689287229
2026-06-29,1.3310930701829407,-0.1945613612779297,-1.5219671114982216,0.45972228202922677,-0.024090911773781726,0.0,-0.0501959676622343
2026-06-30,-2.4975361952607007,0.01945356793852362,-0.4970348284347489,1.1257381160028062,0.8995756778791218,-0.9999999999999787,-0.0501963381249807
2026-07-01,2.0736943147493956,-1.372735313035628,1.3232839164736687,0.5491465714019007,1.4768056346370113,4.0000000000000036,-0.0501951242263452
2026-07-02,-1.0190589958947769,2.779950274321568,1.4282039315801711,-0.6631204523685067,0.5242214843884878,2.9999999999999805,-0.0501962420269626
2026-07-06,0.2048305230402384,-0.4529042015620901,0.062417191139829895,0.6760039230630521,1.5598475116522528,2.0000000000000018,-0.05019494733328145
2026-07-07,5.363478682854937,-2.039587069938537,1.5402114496279942,0.6008742564622632,-0.4147810980810003,4.999999999999982,-0.05019622092567566
2026-07-08,6.45936961083139,-0.14719778973963876,2.1829585301908554,0.5742912998537337,-0.01922771569004705,9.00000000000003,-0.05019393544626283
2026-07-09,-0.7490680368514286,2.2528687425891505,0.023957422274785603,0.6424991069786276,-1.120061207547772,0.9999999999999787,-0.05019602744338414
2026-07-10,-0.9023682691093255,-2.866129409730668,-1.1925426515106625,0.5600862194261408,0.4511502539842518,-4.0000000000000036,-0.05019614305973974
2026-07-13,-1.214703589431941,0.7124506150017822,1.158300681734486,-0.16836960085690786,0.5625172260395995,1.000000000000023,-0.050195332486995925
2026-07-14,1.5999030305534585,1.7867085605166744,0.4568969007878385,-0.14961856771022244,0.35630611447005667,4.0000000000000036,-0.050196038617801975
2026-07-15,1.7993571685571115,-0.9127653349787358,-1.119991032317232,0.41359520749141737,-0.12999979466206119,0.0,-0.0501962140904999
2026-07-16,1.5893664763153552,0.9144179792283003,0.34865920512268894,0.0018302472586154285,-0.8040773304764022,2.0000000000000018,-0.05019657744855621
2026-07-17,-0.8389018789666203,-0.4531735531311305,1.4413757452119278,-0.9035457587915776,-0.19555876124646285,-1.000000000000023,-0.05019579307615962
2026-07-20,-0.04081675271474256,-0.24367146317236554,2.165163307046391,-0.0687285868629987,-0.7617516655179924,1.000000000000023,-0.05019483877826891
2026-07-21,-1.54769970649785,0.1311974773978481,1.0448439175604674,0.7618493421789206,0.6600035631702679,0.9999999999999787,-0.0501945938096755
2026-07-22,-0.5871869700759137,-0.12961879218210484,1.2189626595850038,0.10916621464324515,1.4388717945534115,2.0000000000000018,-0.05019490652364045
2026-07-23,1.0225668009542581,-1.6854379637089758,2.4938828051992816,-0.5909322064773144,0.8101164178379263,2.0000000000000018,-0.05019585380517411
2026-07-24,-4.1104679308076095,3.1043765704586006,1.1930309483356245,-0.6686978961196426,-0.4680456198216857,-0.9999999999999787,-0.050196072045265994
2026-07-27,-2.6112278648850396,-1.3630710279020404,-0.7814026090049562,-0.31770737624086715,0.12360499298032077,-5.000000000000027,-0.05019611494744414
2026-07-28,0.301475909751897,0.5979163389385692,-1.8204592037120177,-0.542157771689217,-0.48657922128215636,-2.0000000000000018,-0.050196052007077
2026-07-29,0.47340220849072795,-0.7357583107347598,2.236970062416456,-0.9009931082730922,-0.023424743231640028,1.000000000000023,-0.05019610866766855
2026-07-30,2.136120764113328,2.5935240665668537,0.7395609844730061,-0.7381732642752145,1.319162995231079,6.000000000000005,-0.050195546109047307
2026-07-31,-2.8395243669830554,-4.133028257729191,-0.15777150235892107,0.5733892012295675,3.607130064585868,-3.000000000000025,-0.05019513874429293
2026-08-03,-1.5107635234623185,2.1242609463314643,-2.8687697660639007,0.9547800944654607,1.350688882937633,0.0,-0.05019663420833864
2026-08-04,3.8696946532830605,0.3691118781395113,-4.018025504404386,1.555534914065258,-0.7261204082335302,1.000000000000023,-0.0501955328498902
2026-08-05,-1.3456770405590843,-1.6598012364133325,-2.428686944114047,0.2660249691833528,-0.7816647585675702,-6.000000000000005,-0.05019498952932544
2026-08-06,-0.8977319781967941,0.7941271002175215,0.9200031104168503,0.07043974782287797,0.163357690242275,0.9999999999999787,-0.0501956705027522
2026-08-07,1.5347335875299875,0.9120000497303024,-0.1966098817303163,0.1803860835359762,0.6196870794326931,3.000000000000025,-0.05019691849861818
2026-08-10,-0.923360509669117,-1.5810683435917956,0.5573941156393286,0.3936533118110749,0.6035772458252747,-1.000000000000023,-0.05019582001478884
2026-08-11,2.555420728242897,2.287305558314426,1.3027297930414412,0.04895466828829375,0.8557842614736281,6.999999999999984,-0.05019500936070198
2026-08-12,-2.6802676515114636,-1.812023660104472,0.277466042154354,0.09406169753395797,-0.8290400531433174,-4.999999999999982,-0.050196374929041276
2026-08-13,1.1023461212156194,0.7947046968946451,-1.941097598261495,0.4538870443617113,-0.35964425206413086,0.0,-0.05019601214634989
2026-08-14,2.697806204187131,-0.6990727550586472,-0.14007666184694884,-0.10065925140710542,-0.7078018726091214,1.000000000000023,-0.05019566326528491
2026-08-17,0.5752468120698457,0.5242933961688626,1.7930450562111697,-0.5387504892204218,1.69636100149853,3.999999999999959,-0.05019577672802722
2026-08-18,3.8632372710320078,0.36606403500490164,1.8893646303721707,-0.22103947204723143,0.15256866768692193,6.000000000000005,-0.050195132048765245
2026-08-19,3.1145809873826815,0.8979962866857626,-1.00354340113978,-0.6966080685116909,-1.262230041138492,1.000000000000023,-0.050195763278458205
2026-08-20,0.5092653362978191,-1.1944956569556404,0.6479701857736127,-0.7493691193530228,-0.163175033703966,-1.000000000000023,-0.05019571205882567
2026-08-21,-2.943960193355883,0.15561638548905316,1.302699161566362,-0.19497278044634045,0.7308123847955238,-0.9999999999999787,-0.05019495804869434
2026-08-24,-1.7598499514685975,-0.1976706531728842,0.10690321638732043,-0.3137878482757878,1.2146015890872592,-1.000000000000023,-0.05019635255733346
2026-08-25,2.2497776962341183,1.4659143675014803,-1.5947656522696922,-0.07816736965652842,-0.992563215733038,1.000000000000023,-0.050195826076316896
2026-08-26,-2.543855227195582,-1.4480503999281773,-0.12486171179099718,0.2747872347368773,-1.107823722537874,-5.000000000000027,-0.050196173284273726
2026-08-27,-1.5844506583957931,-1.808985042899759,-0.8747771178599288,0.08663140805690923,0.23177628006173545,-3.999999999999959,-0.0501948689631222
2026-08-28,-1.481169413842803,1.4236131553297537,0.8795551775615725,0.5430044984081018,0.6851941562577424,2.0000000000000018,-0.05019757371436562
2026-08-31,9.43300882215591,0.6746073011149352,2.3022664991105053,0.3778095621244748,0.26250312914350804,12.99999999999999,-0.050195313649343376
2026-09-01,-5.003731907235629,-2.257285800087868,2.610880921189592,-0.2667629021161694,-0.032904140983501265,-5.000000000000027,-0.05019617076645133
2026-09-02,8.71974228337799,3.119198791942057,0.7842579683892579,0.6400903072337528,-0.21309295904039008,13.000000000000034,-0.050196391902634474
2026-09-03,0.40008544690873504,-1.3317856609311343,-1.7762755725774735,1.129302646776182,-1.371130781791866,-3.000000000000025,-0.05019607838446838
2026-09-04,-0.7473714077881171,-0.1753735599093789,-0.8773622882721722,0.1656323685383885,-0.3153298117842691,-2.0000000000000018,-0.05019530078445289
2026-09-08,2.385950080194081,1.6057091590243853,1.5961258598385544,-0.3900286773810902,-0.14756000365187671,5.000000000000027,-0.05019641802402752
2026-09-09,1.0191471406294177,-2.405424334420503,1.6135295296571661,-0.38916774277105703,0.21211071294311323,0.0,-0.050195306038137155
2026-09-10,2.938952892415553,-0.3027017455295413,3.26288540604238,-0.13012723418942398,0.28118636270234243,5.999999999999961,-0.050195681441349116
2026-09-11,-0.8101920478130156,1.6376397249592778,1.705515547592748,0.9301077071025509,1.5871249637822822,5.000000000000027,-0.05019589562381643
2026-09-14,3.075540333232368,-1.7250097319761386,1.203345323363372,0.9580060820173326,-0.4616858364607845,2.9999999999999805,-0.050196170176169286
2026-09-15,1.3253114976376432,0.8202450994931603,1.4676108104495331,-0.009212994594181945,-1.5537584953000174,2.0000000000000018,-0.050195917686135516
2026-09-16,-2.2514678041031306,0.9147666805112006,1.8646295178456411,-0.34295846002585456,-0.13477413005124536,0.0,-0.05019580417661104
2026-09-17,-2.759014267908235,0.42937553267103096,-1.4121038408398643,1.1259923955381745,-0.3340543437732403,-2.9999999999999805,-0.05019547568784688
2026-09-18,2.6097705179116897,-3.989054501197189,-0.8991311908200599,0.9476878258350282,-1.6190754552559337,-3.000000000000025,-0.05019719647355991
2026-09-21,-4.243684938595614,2.727892476817509,-2.737700388425766,0.600596829582028,0.7030915947696597,-2.9999999999999805,-0.05019557414779641
2026-09-22,0.14367595007539166,-1.1596346967275244,-1.5922468645829808,0.8800551794501086,-0.22165389178535705,-2.0000000000000018,-0.050195676429639846
2026-09-23,0.15400841710784857,-1.3669257401647823,3.0074736616545477,0.2992841908426554,-0.04364475073979506,2.0000000000000018,-0.05019577870047254
2026-09-24,2.305575254487909,0.9958199302921161,4.272720644702314,0.3280540095224065,2.148026301326789,10.000000000000009,-0.05019614033152742
2026-09-25,-1.570515993397939,0.4526744965024273,0.8607940039819949,0.326235827722968,0.9810070124334105,0.9999999999999787,-0.05019534724288288
