model,outcome,window,first_day,last_day,actual_bp,other_bp,growth_bp,growth_p05,growth_p95,monetary_bp,monetary_p05,monetary_p95,common_premium_bp,common_premium_p05,common_premium_p95,hedging_premium_bp,hedging_premium_p05,hedging_premium_p95,ea_monetary_bp,ea_monetary_p05,ea_monetary_p95,ea_macro_bp,ea_macro_p05,ea_macro_p95,us_monetary_bp,us_monetary_p05,us_monetary_p95,us_macro_bp,us_macro_p05,us_macro_p95,global_risk_bp,global_risk_p05,global_risk_p95
US (Cieslak-Pang),y10,2026 to date,2026-01-02,2026-08-31,56.93000000000001,-10.005160958173736,19.37501978483011,0.8777941218393563,57.0829002403258,18.12658770392541,1.6638656761974195,46.88080174227909,9.051534614663346,-10.647468421238237,36.52171148872289,20.382018854754904,-2.467518131617693,52.52463892709905,,,,,,,,,,,,,,,
US (Cieslak-Pang),y10,27 Feb-19 Aug 2026,2026-03-02,2026-08-19,67.80000000000001,-7.172374421823345,21.25286928033849,0.9795293350813926,58.419148624471276,9.270897107155893,-0.6711697657379427,35.732485244795875,15.162719302286343,-5.732046098103856,42.98312116487783,29.285888732042608,2.1470685967902363,60.79120588940535,,,,,,,,,,,,,,,
US (Cieslak-Pang),y2,2026 to date,2026-01-02,2026-08-31,79.12000000000003,-14.044312269389588,35.13872607014276,6.749302144236073,73.04235114818249,42.37041313441789,7.327411797468514,68.60688724612571,3.9302603656401587,-2.224939211550562,21.681903310402667,11.724912699188833,-0.11111985037584361,42.81721082444638,,,,,,,,,,,,,,,
US (Cieslak-Pang),y2,27 Feb-19 Aug 2026,2026-03-02,2026-08-19,73.54999999999994,-10.067910602755184,38.31233381680669,7.939272342383517,72.26211279889883,21.924574190654422,-2.4068231648409006,51.74855120915065,6.508463052951527,-1.3716123022673685,25.06894335218434,16.872539542342473,-0.12116519335492645,45.131306375441255,,,,,,,,,,,,,,,
US (Cieslak-Pang),slope,2026 to date,2026-01-02,2026-08-31,-22.19000000000002,4.039151311215857,-15.763706285312619,-30.307784031191467,-1.6608295730874048,-24.243825430492514,-32.74044058552178,-3.3168282784200547,5.121274249023172,-8.967288544096359,15.307715338467691,8.657106155566067,-1.6476722784250037,17.210594506683844,,,,,,,,,,,,,,,
US (Cieslak-Pang),slope,27 Feb-19 Aug 2026,2026-03-02,2026-08-19,-5.7499999999999645,2.8955361809318423,-17.059464536468184,-28.007861987948406,-1.9511675898870917,-12.65367708349856,-23.405148249988592,1.364068115289541,8.654256249334813,-4.41504803855448,20.947198670822317,12.413349189700138,1.1322499341508447,24.484040372721736,,,,,,,,,,,,,,,
Cross-Atlantic (Brandt et al.),ea10,2026 to date,2026-01-05,2026-09-25,69.0,-9.035244794592703,,,,,,,,,,,,,11.84123971481706,-5.7565316986845305,26.657456883837426,-1.9376880138600119,-8.23799315527037,21.99498595795403,39.26119609067982,-0.03298629563602943,54.634366943023245,19.644005215452406,0.36690220789317657,59.95945032224765,9.226491787503427,-0.31062814996658755,48.96445986008372
Cross-Atlantic (Brandt et al.),ea10,27 Feb-19 Aug 2026,2026-03-02,2026-08-19,57.00000000000003,-5.82270916528444,,,,,,,,,,,,,21.10744466059276,-5.284636811898983,29.455973097166122,-1.5663955498700206,-9.130830115166663,20.90953593650794,17.469514561459274,-6.48231268427065,40.26525008086964,17.753875054199263,-0.5420647338065575,53.68984140414923,8.05827043890317,-1.147116135478023,40.51096435549287
Cross-Atlantic (Brandt et al.),us10,2026 to date,2026-01-05,2026-09-25,94.93999999999997,0.7966340399473874,,,,,,,,,,,,,0.200917527073044,-3.127789167626249,25.066748773107353,5.456880828397376,-2.8747972916495863,35.565100641776304,49.364571590281614,-0.458847767523458,64.4952101297846,23.49748197144513,1.5632774468755684,69.46677239283315,15.623514042855426,0.013733428327837607,69.72097756804565
Cross-Atlantic (Brandt et al.),us10,27 Feb-19 Aug 2026,2026-03-02,2026-08-19,67.79999999999998,0.5133830384161748,,,,,,,,,,,,,0.4417458177633969,-11.197055583941454,19.667140974453734,10.463276987296032,-6.323852779567185,30.592484914405656,21.346501491179026,-9.952605626678897,45.90288695526707,21.176340328856057,-0.2416965160661677,62.32412013687787,13.85875233648935,-0.7728248399789055,54.72479543463351
Cross-Atlantic (Brandt et al.),spread,2026 to date,2026-01-05,2026-09-25,-25.939999999999973,-9.831878834540083,,,,,,,,,,,,,11.64032218774402,-22.161122732271906,15.761549743435918,-7.394568842257382,-30.921635554209228,15.374278558410616,-10.103375499601832,-18.797533456514767,2.8610871429450726,-3.8534767559927063,-22.94052129488455,4.758181448413323,-6.397022255352004,-27.693625577124322,1.3116836350760035
Cross-Atlantic (Brandt et al.),spread,27 Feb-19 Aug 2026,2026-03-02,2026-08-19,-10.799999999999953,-6.336092203700611,,,,,,,,,,,,,20.66569884282937,-12.919467276036862,22.147330852270542,-12.029672537166054,-24.0595523240238,18.88914341830158,-3.8769869297197417,-12.917219970758424,4.2580359850567175,-3.4224652746567656,-19.694590256521877,4.21375240685332,-5.800481897586179,-22.20962973009695,1.288947089064584
"Cross-Atlantic, synchronised (LSEG)",ea10,2026 to date,2026-01-02,2026-10-05,65.83999999999999,-2.252354905285433,,,,,,,,,,,,,-4.203663793310104,-10.88249907477621,36.44824386674276,-3.131271848903004,-9.177764140258637,36.59179549637845,23.38183399980987,1.8653035595162333,59.206685830834935,43.53006300929981,0.4773447919037834,61.95007357650148,8.515393538388842,-0.8346980802558202,43.74038290200266
"Cross-Atlantic, synchronised (LSEG)",ea10,27 Feb-19 Aug 2026,2026-03-02,2026-08-19,56.92999999999998,-1.4017321146762454,,,,,,,,,,,,,2.554101406707347,-4.630593190109963,35.79609718742403,12.913704031333438,-1.8669411156833047,40.302679682679646,4.600541487085603,-2.1856410808105675,37.22801947149962,33.39023367044556,0.1357866016669709,49.627614603618014,4.873151519104238,-0.6315662380146616,31.910413397213986
"Cross-Atlantic, synchronised (LSEG)",us10,2026 to date,2026-01-02,2026-10-05,117.985,-3.599139864399288,,,,,,,,,,,,,-2.440756042270206,-1.5853910097183668,32.6211240689316,0.9734941123345731,-1.442676013337309,35.55743633372167,31.28004506215021,4.423929806848063,84.4931050187533,68.8687686930892,3.3265065723677854,88.338996602803,22.9025880390955,-1.7779881332823793,74.17446616159205
"Cross-Atlantic, synchronised (LSEG)",us10,27 Feb-19 Aug 2026,2026-03-02,2026-08-19,69.18500000000006,-2.239890030894287,,,,,,,,,,,,,0.8419630488648657,-6.010011710199798,25.79091807737355,-1.343427390788007,-7.088790920254736,27.44725943287812,6.081727096630273,-4.9747995456049825,47.10546063322801,51.79514917647967,1.5937471836971568,62.21197295217532,14.04947809970754,-1.4303780862113025,49.00775361057669
"Cross-Atlantic, synchronised (LSEG)",spread,2026 to date,2026-01-02,2026-10-05,-52.14500000000001,1.3467849591138474,,,,,,,,,,,,,-1.7629077510399083,-30.16309164069611,11.705537434674945,-4.104765961237582,-28.852852167296763,12.660293586531125,-7.898211062340319,-37.2246734958832,-0.9878918231172905,-25.33870568378939,-44.58984364936207,0.23047526612737407,-14.38719450070667,-42.078775345855284,0.783024164571209
"Cross-Atlantic, synchronised (LSEG)",spread,27 Feb-19 Aug 2026,2026-03-02,2026-08-19,-12.255000000000088,0.8381579162180424,,,,,,,,,,,,,1.7121383578424845,-8.539934628486145,19.168301510852295,14.257131422121446,-7.648115997661727,21.828706175794885,-1.4811856095446756,-16.61509378478782,2.4902506834701654,-18.404915506034087,-26.572457384872365,0.5985765457386621,-9.176326580603291,-22.575418034537805,0.5314619502666867
