model,outcome,h,days,r2_m1_vs_m0,r2_m2_vs_m0,r2_m3_vs_m0,r2_m4_vs_m0,cw_p_m3_vs_m2,cw_p_m4_vs_m2
US (Cieslak-Pang),y10,1,165,-0.014129766900769614,-0.010591617514722262,-0.008973425138520952,-0.026070957155935437,0.26001085873890273,0.9635448184054181
US (Cieslak-Pang),y10,5,161,-0.013014487895727234,0.0069280992923926865,0.0058679075239251866,0.0003758613236323205,0.5493963225247313,0.7459595408080386
US (Cieslak-Pang),y10,10,156,-0.03240598288490881,-0.005247792715376676,-0.0031414656368711213,-0.0038669926872700877,0.07963371399804564,0.24145275709826786
US (Cieslak-Pang),y10,20,146,-0.06634511713487834,0.008543047024603845,0.009553093390904044,0.009225087270464782,0.08724777274926987,0.37408788390101805
US (Cieslak-Pang),y2,1,165,-0.023304578233781736,-0.02254276214515394,-0.02060348915643706,-0.03394039329444265,0.1724011738554464,0.9773038071412773
US (Cieslak-Pang),y2,5,161,-0.02955301103076602,-0.029050290636812415,-0.027072985158246743,-0.023631137567647453,0.12309276748241532,0.05136047432354645
US (Cieslak-Pang),y2,10,156,-0.04801174518194973,-0.07462826397215006,-0.07371733678092629,-0.07244668945166821,0.1636223649016672,0.2463236730861827
US (Cieslak-Pang),y2,20,146,-0.09417638159844599,-0.08638091191315089,-0.08384327795111135,-0.06925819978231962,4.2645912020695926e-05,5.860857730401721e-05
US (Cieslak-Pang),slope,1,165,-0.0057646282036989405,-0.00778005435384288,-0.010936171522152316,-0.015858131753621274,0.8511870709788517,0.9816466674395733
US (Cieslak-Pang),slope,5,161,0.001130674235813367,-0.0025018958645952605,-0.0021453808213798276,-0.008146564012132984,0.2727190674585379,0.6344247466265197
US (Cieslak-Pang),slope,10,156,-0.0021135782525976143,0.002434593314112443,0.0036508906917178674,-0.0053366415083817564,0.2725991933295405,0.7958752145533611
US (Cieslak-Pang),slope,20,146,-0.0017014158220802766,0.04896517315388793,0.04410544774164282,0.04279005247719547,0.7878146203389151,0.6938350172740151
Cross-Atlantic (Brandt et al.),ea10,1,179,0.0004550520384450918,0.022042729838093522,0.25874300313212484,0.3451693459670446,1.7859639155379315e-09,1.0307755882640735e-10
Cross-Atlantic (Brandt et al.),ea10,5,175,-0.003440286010659044,0.028388816980803644,0.06566885404841039,0.051300840506531276,0.0002660602069635119,0.005615463589686157
Cross-Atlantic (Brandt et al.),ea10,10,170,-0.009231020486485164,0.04143801218658538,0.046329501578020627,0.04690879405042503,0.04519083463945448,0.04966371197452409
Cross-Atlantic (Brandt et al.),ea10,20,160,-0.016862265504300256,0.04139357136015753,0.03322201843402539,0.0229331788706586,0.6441110987844822,0.62538286395039
Cross-Atlantic (Brandt et al.),us10,1,179,-0.0004331405093502827,-0.003665801684114234,-0.010223588038775544,-0.027681195582291762,0.9565639392473024,0.9830182514856872
Cross-Atlantic (Brandt et al.),us10,5,175,-0.0004155000593097924,-0.016165967166892337,-0.01943749730248734,-0.030328541544501597,0.7776903355273641,0.9074953749876646
Cross-Atlantic (Brandt et al.),us10,10,170,-0.009584171134335628,-0.05098211007001452,-0.0454352449936819,-0.04205420961299278,0.09479935102848858,0.0790184346553428
Cross-Atlantic (Brandt et al.),us10,20,160,-0.020475082670913025,-0.13111957823561649,-0.13122303920679346,-0.13509318396335335,0.4631693278170683,0.7060968104252958
Cross-Atlantic (Brandt et al.),spread,1,179,0.19334664292225912,0.2034399949610508,0.21253938071868284,0.1749003772765807,0.07474077079396445,0.9845137638553452
Cross-Atlantic (Brandt et al.),spread,5,175,0.12507300715304082,0.1435717833627843,0.15613723346795705,0.14319008559822766,0.05402674690276076,0.2564032543430079
Cross-Atlantic (Brandt et al.),spread,10,170,0.04108722640749429,0.032565040931363254,0.03095995246038319,0.03410197866698805,0.3907585505369498,0.24308222271104885
Cross-Atlantic (Brandt et al.),spread,20,160,0.048400034056413244,-0.05678526645855064,-0.05788511248888062,-0.056783256689167505,0.6391466226868562,0.4366973156112122
"Cross-Atlantic, from the next close",ea10,2,178,-0.0008548913965300553,0.0024539861193659807,-0.0052914594197204234,-0.02170313012735825,0.9990581722638067,0.9982197274932965
"Cross-Atlantic, from the next close",ea10,5,175,-0.003408358615718088,0.009418457941066882,0.008038821043167554,-0.003631289106897917,0.8505561129188111,0.9196463789785818
"Cross-Atlantic, from the next close",ea10,10,170,-0.008882406793029318,0.021659473844024446,0.02462083426940742,0.0217377309486807,0.0522917580509494,0.3776092752902565
"Cross-Atlantic, from the next close",ea10,20,160,-0.01768899899761922,0.023279089827895616,0.027042821399956063,0.025464202562054505,0.02117903182480196,0.25381213176245304
"Cross-Atlantic, from the next close",us10,2,178,-0.0032000120344328753,-0.005996988093433853,-0.0068536205846982945,-0.00845557213914172,0.5931687246782923,0.6106098826574183
"Cross-Atlantic, from the next close",us10,5,175,-0.002379411521251207,-0.013351208459519315,-0.013409522000777052,-0.015434133651486048,0.4613785486816595,0.6392745257574753
"Cross-Atlantic, from the next close",us10,10,170,-0.009644974869610579,-0.047067358897601164,-0.041320824077063945,-0.035482642622227445,0.04166642435324612,0.013195120611687643
"Cross-Atlantic, from the next close",us10,20,160,-0.018694549026228913,-0.12248949714424717,-0.12174638461029352,-0.12151243029038583,0.25776432392502546,0.26069848856767885
"Cross-Atlantic, from the next close",spread,2,178,-0.0076697436517478845,-0.007528908091284592,-0.013672867890685225,-0.019273444237293713,0.9643519457624153,0.9627568460345777
"Cross-Atlantic, from the next close",spread,5,175,-0.0010023870625834874,0.004138598786765368,0.0035314591670757567,-0.0019085236769225133,0.48824370283381097,0.6720288850001643
"Cross-Atlantic, from the next close",spread,10,170,-0.006256482071195446,-0.030159654431666905,-0.02273960422648358,-0.03081577290420312,0.00947246802761235,0.44438340478511557
"Cross-Atlantic, from the next close",spread,20,160,-0.0007917062503437489,-0.11158857669625721,-0.10566852327392784,-0.10533352142064034,0.08928385744104295,0.06619973689468824
