model,outcome,window,first_day,last_day,actual_bp,other_bp,uk_monetary_bp,uk_monetary_p05,uk_monetary_p95,uk_macro_bp,uk_macro_p05,uk_macro_p95,us_monetary_bp,us_monetary_p05,us_monetary_p95,us_macro_bp,us_macro_p05,us_macro_p95,global_risk_bp,global_risk_p05,global_risk_p95,uk_risk_premium_bp,uk_risk_premium_p05,uk_risk_premium_p95
UK-US model A,uk10,2026 to date,2026-01-02,2026-10-05,94.98499999999996,-6.464186237200359,11.010226966356981,-10.0553242508877,55.4325844269962,6.003369149716072,-11.086766856248609,49.98697615802722,44.674466591246976,1.3068292013640965,75.52043981942238,10.317358790514009,0.2055929846287196,71.25993705427624,29.443764739366287,0.5396154813748892,54.22190302055798,,,
UK-US model A,uk10,27 Feb-19 Aug 2026,2026-03-02,2026-08-19,81.26999999999995,-4.044436017749131,34.950445577699284,-7.1401628873092555,72.58856466038688,0.7321220056174856,-10.159633100669808,58.651760748068966,15.156557469001196,-11.320817493936728,49.83761243846211,9.232634353977033,-3.942037537264937,63.35955027952078,25.24267661145405,-0.9058470248838559,40.88469701288499,,,
UK-US model A,us10,2026 to date,2026-01-02,2026-10-05,114.255,-3.6614617585894558,-1.00293306998531,-1.6569664152280408,37.20926966797545,1.4791731600327664,-1.2184218355826364,32.25466100487908,57.88262099538115,1.671078850854351,83.33072484874243,16.648071247531675,1.3551962266267787,81.62450875845417,42.90952942562914,1.6062767886028202,76.43709582649467,,,
UK-US model A,us10,27 Feb-19 Aug 2026,2026-03-02,2026-08-19,69.18500000000006,-2.290850119343608,-0.26051581098924526,-11.432591489556128,44.00818475370735,0.05920450189451554,-8.320334606257184,30.00817003098728,19.306036024196978,-16.074159987095527,54.10269048814237,14.923594697625276,-6.0358665744733715,69.32504845090354,37.44753070661615,-2.1355633825367812,54.59383163729422,,,
UK-US model A,spread,2026 to date,2026-01-02,2026-10-05,-19.27000000000004,-2.8027244786108962,12.0131600363423,-20.118431745811655,24.691548664113952,4.524195989683285,-22.633767000066985,23.194437638029623,-13.208154404134204,-24.01267628672326,2.460022915808938,-6.33071245701767,-25.51175570156232,2.954074449458028,-13.465764686262858,-33.031185711584286,0.3210179565703079,,,
UK-US model A,spread,27 Feb-19 Aug 2026,2026-03-02,2026-08-19,12.084999999999905,-1.753585898405515,35.21096138868851,-8.912099933293703,39.19402947714818,0.6729175037229692,-15.477799225588006,34.529810745810074,-4.149478555195779,-11.80914659647162,7.809038272752173,-5.690960343648232,-19.904854480469762,5.245889104611381,-12.204854095162084,-21.36807793109214,2.018040746579122,,,
UK-US model B,uk10,2026 to date,2026-01-02,2026-10-05,94.98499999999996,-4.491251952696431,7.9083323960128835,-19.102664398538828,58.558899104722926,7.875828254774291,-19.42227892112165,53.323434942790364,39.19598950855971,-3.8785678004983635,71.77860936416651,28.616996518072423,-1.6241084761813676,74.24686393268445,23.243199101061556,-3.5598704041178606,64.95221197278366,-7.364093825784474,-16.873004957983365,42.40379106626733
UK-US model B,uk10,27 Feb-19 Aug 2026,2026-03-02,2026-08-19,81.26999999999995,-2.810034097362203,21.550240656111505,-8.212181037714435,65.8992347864749,7.666435495276817,-12.466355956098583,56.85884915497647,3.011361421303957,-11.251556678524839,44.923333102779104,29.74871877776408,-4.384974037824551,54.69144329329303,13.512204065426687,-4.521538850678382,50.71164292707862,8.591073681479099,-12.183057053787504,41.108637430416564
UK-US model B,us10,2026 to date,2026-01-02,2026-10-05,114.255,0.050195981517787924,2.160437420383077,-6.375054102786986,39.450298307320836,-9.61175605305114,-7.277024712438024,36.342301758390946,44.845223134347876,-7.512041012497944,88.62551309172183,47.83907588571109,-4.264281717782899,85.70167565042405,32.07047374948011,-6.548659030629344,82.98994351564765,-3.09865011838877,-7.364776514348792,36.205325215656465
UK-US model B,us10,27 Feb-19 Aug 2026,2026-03-02,2026-08-19,69.18500000000006,0.03140867307261164,5.8702443137410745,-11.01704260512021,42.582781121008274,-9.520064862078778,-9.296499389183431,33.63328033678513,3.293579742656978,-17.6614605844894,51.797737409634834,47.617303652370616,-9.216491195040328,62.83121391433367,18.710421760294206,-9.244197548025937,59.73411007691764,3.1821067199433544,-9.47554908056209,26.617236161364882
UK-US model B,spread,2026 to date,2026-01-02,2026-10-05,-19.27000000000004,-4.541447934214217,5.747894975629805,-23.482745279274912,24.486653620138426,17.487584307825447,-24.64756996779596,23.113496490096345,-5.649233625788165,-28.35169891044707,4.664254691260418,-19.222079367638646,-30.572080505221134,5.373370756816383,-8.827274648418545,-30.579229479440727,4.557031731659244,-4.265443707395707,-28.854594278647095,19.98288483733529
UK-US model B,spread,27 Feb-19 Aug 2026,2026-03-02,2026-08-19,12.084999999999905,-2.8414427704348135,15.679996342370428,-7.901206557266606,34.10079522287811,17.186500357355595,-12.923870634564018,30.173265557341374,-0.2822183213530116,-15.003184689158127,8.343911877824171,-17.868584874606515,-20.574736351392858,6.711233334491293,-5.198217694867528,-20.15437586306627,6.918016229196452,5.408966961535749,-17.035231919346508,23.76413984353684
UK-US model B,uk2,2026 to date,2026-01-02,2026-10-05,113.84000000000003,-18.58676177636353,5.634396467519494,-6.468132487391811,62.32394101958895,32.1316869928384,-7.3896026961254915,63.82460723521435,47.38923299570744,-3.4634766351275004,82.16744128654871,40.62524255892628,-5.0784633791730815,89.19863027077766,6.382868675906356,-2.6245304499160285,85.5626919372821,0.2633340854656667,-5.1429508419078624,54.7364370436891
UK-US model B,uk2,27 Feb-19 Aug 2026,2026-03-02,2026-08-19,84.41499999999995,-11.629150419037554,15.560273614150436,-2.896581126205909,63.43968866610264,31.40935412705199,-8.14744114084294,57.78701016107287,3.5507830294294154,-5.933135928371702,48.116039769409056,41.1029395777325,-7.1332193484342445,62.480449300700606,3.6942256576632246,-5.1674475023419735,64.07157900997827,0.7265744130099707,-6.783411807048059,46.35952996231133
