date,event,expected,representable,actual_2d_bp,uk_monetary_bp,uk_macro_bp,us_monetary_bp,us_macro_bp,global_risk_bp,dominant_mt,hit_mt,share_draws_hit
2008-11-25,Fed LSAP1,us_monetary,True,-14.700000000000024,4.7350886821684774,2.5623246616636304,-15.850352693873031,2.2170645250666405,-2.443816367776645,us_monetary,True,0.466
2013-06-19,Taper tantrum FOMC,us_monetary,True,15.450000000000008,4.341439448641021,-6.975610207135431,13.5759150530278,-0.66248993651484,2.311663971874435,us_monetary,True,0.437
2016-06-24,Brexit referendum result,uk_macro/global_risk,True,-44.0,-4.790681426298709,-28.90998429413665,4.07742634270265,12.759120629133635,-27.61076264241692,uk_macro,True,0.648
2016-08-04,"BoE package (cut, QE)",uk_monetary,True,-13.050000000000006,-10.928433071993524,-5.49077333702092,1.1201167141253543,2.354833550902191,-1.1834460380084073,uk_monetary,True,0.63
2017-11-02,BoE first hike since 2007,uk_monetary,True,-7.8500000000000005,-4.928282504498649,-0.8173308685844538,-1.1057222708402898,1.5185450863772378,-2.5529503571484318,uk_monetary,True,0.626
2020-03-19,BoE emergency cut and QE,uk_monetary,True,-23.2,-20.782984419246176,16.962446671930564,-5.9866879927013334,-5.534727899067868,-8.95299261606698,uk_monetary,True,0.393
2021-12-16,BoE surprise hike,uk_monetary,True,2.0000000000000018,-2.8013774292347176,9.408259285604352,0.9230109354272246,-1.207083076702942,-3.0518673272034142,uk_macro,False,0.247
2022-09-23,Mini-budget,uk_risk_premium,False,74.74999999999997,24.94440501196204,42.84739410365988,14.824365146474438,7.9010154711155245,-12.395595521793032,uk_macro,,
2022-09-26,Gilt and sterling rout continues,uk_risk_premium,False,67.75000000000003,23.21232432144699,40.2792699856045,10.277145745530344,2.964462644559223,-3.1711613769801774,uk_macro,,
2022-09-28,BoE gilt purchases,uk_risk_premium/uk_monetary,True,-35.95000000000006,-4.798943796075551,-18.877445773603494,-9.332469413804109,-4.995294417633046,3.9646844962918317,uk_macro,False,0.283
2022-10-17,Mini-budget reversed,uk_risk_premium,False,-37.95000000000002,-12.395246065238865,-31.945424369734017,-6.841980052067075,-0.978131535197073,8.197051880282542,uk_macro,,
2023-06-22,BoE 50bp hike,uk_monetary,True,-9.000000000000075,-1.2849268781222314,-10.929516653703882,0.9082352532232816,0.234311157913707,0.5225467931628931,uk_macro,False,0.333
