threshold,outcome,h,lambda_eh_med,lambda_eh_p05,lambda_eh_p95,share_t_eh_gt_1.96,share_t_eh_lt_-1.96,large_eh_days_med
2.0 x trailing 250-day s.d.,y10,1,-0.06526671270587114,-0.12075504523873763,0.018719566794104966,0.0,0.052,610.0
2.0 x trailing 250-day s.d.,y10,5,-0.009729801068636157,-0.106698623625193,0.41408720912216945,0.017,0.0,610.0
2.0 x trailing 250-day s.d.,y10,10,-0.006782651798069323,-0.11350264125109025,0.4093680098589034,0.007,0.0,610.0
2.0 x trailing 250-day s.d.,y10,20,0.023460234107779046,-0.1422246643470708,0.4873152812242561,0.005,0.0,610.0
2.0 x trailing 250-day s.d.,y2,1,-0.059770694574821925,-0.09038567090849607,-0.02911967502864924,0.0,0.029,617.0
2.0 x trailing 250-day s.d.,y2,5,-0.09247523684211162,-0.1412810514989145,0.015521740100069716,0.0,0.032,617.0
2.0 x trailing 250-day s.d.,y2,10,-0.06347500479207524,-0.12323858590824813,0.02716808497248691,0.0,0.0,617.0
2.0 x trailing 250-day s.d.,y2,20,-0.06645151041000813,-0.1609598622814239,0.06508815820240471,0.0,0.0,617.0
2.0 x trailing 250-day s.d.,slope,1,-0.03889829360604588,-0.07390883551422216,0.01527837798307185,0.0,0.013,608.0
2.0 x trailing 250-day s.d.,slope,5,-0.16293231673587472,-0.2779901844726823,-0.014044623534105103,0.0,0.396,608.0
2.0 x trailing 250-day s.d.,slope,10,-0.1302557233535882,-0.2753390441157501,-0.002258688315309078,0.0,0.012,608.0
2.0 x trailing 250-day s.d.,slope,20,-0.1734265809091572,-0.3522879684501159,0.06869102108816835,0.0,0.039,608.0
