outcome,h,period,n,r2_m2_vs_m0,r2_m3_vs_m0,r2_m5_vs_m0,r2_m5_vs_m2,cw_p_m5_vs_m2,r2_m5_vs_m3,cw_p_m5_vs_m3
y10,1,2000-2025,6490,-0.0039931136208173346,-0.004479374419829929,-0.004811895534120314,-0.0008155254276098756,0.40121802651915534,-0.0003310382699319714,0.3896235240239114
y10,1,2020-2025,1496,-0.00018093007581665432,0.002375531206849635,0.002003818875928598,0.0021843537364582,0.04749819426581013,-0.0003725974477859495,0.49541149072579893
y10,5,2000-2025,6486,-0.0010286481008268122,-0.0008876363402230414,-0.0011056306508387959,-7.69034434311422e-05,0.21603210677440804,-0.00021780098254864377,0.8233776291414077
y10,5,2020-2025,1492,0.005317982717678471,0.00834910169805736,0.008543926598326257,0.003243191114947197,0.0033759629269116795,0.00019646520827298897,0.27124895637360447
y10,10,2000-2025,6481,-0.002915186280908033,-0.002780764147485737,-0.0018941476228349075,0.0010180707920671717,0.009610270309830363,0.0008841578900895541,0.029035397404528852
y10,10,2020-2025,1487,0.010859322868031263,0.01166564166675177,0.012209034206956182,0.0013645292020932898,0.05663199084331469,0.0005498063844717738,0.21871680791002668
y10,20,2000-2025,6471,-0.009731444549803347,-0.010087827626345636,-0.010131739757086367,-0.0003964372996836385,0.4226666604857892,-4.3473576791797086e-05,0.283976628642104
y10,20,2020-2025,1477,0.017712840946097708,0.01793970403840006,0.0174241007631869,-0.000293946816111168,0.44436972828406573,-0.000525022014771892,0.544972330956021
y2,1,2000-2025,6490,-0.019080872597113885,-0.018884264625827818,-0.018227805204917846,0.0008370948912249654,0.0765873721119859,0.0006442924321252708,0.15742949552410634
y2,1,2020-2025,1496,-0.007665909267132953,-0.007647104852154918,-0.0069954130285947436,0.0006653953779443,0.2677926372756053,0.0006467460884094223,0.33391952040993617
y2,5,2000-2025,6486,-0.015047329594081171,-0.014361737183425927,-0.014145822771135741,0.000888142647797463,0.02749468457991968,0.00021285741010867998,0.14677276312371124
y2,5,2020-2025,1492,-0.0021411242271878184,-0.0020385598994483445,-0.00249585866866453,-0.00035397653374458216,0.3595255926989753,-0.00045636843482554923,0.4372029047146538
y2,10,2000-2025,6481,-0.023805204695044102,-0.023839160513248192,-0.02398754982755813,-0.00017810529940454067,0.1948939331620469,-0.00014493420454408934,0.28685296690200146
y2,10,2020-2025,1487,0.0037859601748552185,0.0033601436404752105,0.003108414904117618,-0.0006801201786481581,0.5384256034445228,-0.00025257743281215106,0.43286014450772675
y2,20,2000-2025,6471,-0.047679103326243144,-0.048077827444334975,-0.04752283535789803,0.00014915632835388326,0.18770039419279638,0.0005295332769231775,0.047580018622553295
y2,20,2020-2025,1477,0.001385541647207389,0.0013337920047576945,0.0013767174505916469,-8.836439871151569e-06,0.3799181219950791,4.298277591685551e-05,0.38781959894560214
slope,1,2000-2025,6490,-0.002252201945853294,-0.007499062165747361,-0.00866068060237657,-0.006394077901830775,0.9700107535323476,-0.0011529722262291209,0.5656137079051596
slope,1,2020-2025,1496,-0.009888622061873686,-0.014707655948496656,-0.012805735033979415,-0.0028885492007522107,0.8101565782751534,0.0018743535671261746,0.09290411295423656
slope,5,2000-2025,6486,-0.014247096735463982,-0.01671307620995699,-0.019098106488595334,-0.0047828677732923985,0.9795609293605794,-0.0023458243377072474,0.8739812727922607
slope,5,2020-2025,1492,-0.006536236784996374,-0.007026565077548508,-0.005845183141068189,0.0006865660854252775,0.1777644306469257,0.001173138800354523,0.12470030855167935
slope,10,2000-2025,6481,-0.02148519012502681,-0.023295815568907807,-0.02418143758259328,-0.0026395365137270588,0.8371231079995128,-0.0008654604076467898,0.7631823243014767
slope,10,2020-2025,1487,-0.009175470091739468,-0.009794675003226727,-0.007812550267558338,0.0013505280940462328,0.07828687604396839,0.0019628987800536235,0.03419504856662396
slope,20,2000-2025,6471,-0.017752112365650996,-0.018621911797247925,-0.01909984064776915,-0.0013242205697667764,0.33852784908073746,-0.000469191605821484,0.5050284139185517
slope,20,2020-2025,1477,-0.006544154139796143,-0.00686369717519919,-0.00435949153996229,0.0021704587830038147,0.037879844156590584,0.0024871346958507123,0.02305174103055258
