maturity,series,actual_bp,us_news_mt,us_news_p05,us_news_p50,us_news_p95,us_macro_mt,us_macro_p05,us_macro_p50,us_macro_p95,us_monetary_mt,us_monetary_p05,us_monetary_p50,us_monetary_p95,global_risk_mt,global_risk_p05,global_risk_p50,global_risk_p95,euro_area_mt,euro_area_p05,euro_area_p50,euro_area_p95,ea_monetary_mt,ea_monetary_p05,ea_monetary_p50,ea_monetary_p95,ea_macro_mt,ea_macro_p05,ea_macro_p50,ea_macro_p95,all_shocks_mt,all_shocks_p05,all_shocks_p50,all_shocks_p95,unspanned_mt,unspanned_p05,unspanned_p50,unspanned_p95,p_us_largest,p_global_largest,p_euro_largest,p_us_news_positive,p_all_shocks_positive,p_macro_gt_monetary
2y,ACM fitted yield,135.464,64.954,24.275,53.049,79.525,49.239,4.732,28.431,59.877,15.715,2.089,20.223,51.496,9.824,-0.151,12.478,43.173,-0.455,-0.051,7.916,31.148,-0.581,-0.453,2.53,19.365,0.126,-0.614,2.81,21.444,74.323,59.424,78.581,94.704,61.141,40.76,56.884,76.04,0.871,0.104,0.025,1.0,1.0,0.606
2y,ACM expected short rates,99.268,27.681,12.438,23.755,34.46,23.567,3.198,14.662,27.548,4.115,0.469,7.937,20.042,1.439,-0.17,3.3,14.767,0.307,-0.275,3.435,12.807,0.241,-0.445,1.14,8.282,0.066,-0.363,1.077,8.58,29.428,24.829,33.012,40.048,69.841,59.22,66.256,74.439,0.925,0.05,0.025,1.0,1.0,0.688
2y,ACM term premium,36.196,37.273,11.432,28.94,46.0,25.672,1.145,13.757,33.118,11.601,1.475,12.574,31.438,8.386,-0.935,9.415,29.231,-0.763,-0.495,4.257,18.583,-0.823,-0.726,1.295,12.711,0.06,-0.519,1.463,13.342,44.896,35.318,46.021,55.101,-8.7,-18.905,-9.825,0.878,0.793,0.172,0.035,1.0,1.0,0.52
5y,ACM fitted yield,137.339,93.149,32.797,74.306,114.09,66.848,4.725,37.159,82.288,26.301,3.784,30.351,76.341,17.125,-0.769,20.487,66.821,-1.097,-0.48,11.148,45.014,-1.421,-0.929,3.466,29.675,0.324,-1.034,3.816,32.088,109.177,87.567,113.784,135.328,28.161,2.011,23.555,49.772,0.834,0.134,0.032,1.0,1.0,0.56
5y,ACM expected short rates,103.571,32.682,14.226,27.694,40.38,27.237,3.343,16.63,32.078,5.445,0.646,9.69,24.133,2.244,-0.061,4.34,18.381,0.284,-0.222,3.961,15.089,0.172,-0.397,1.423,9.517,0.112,-0.4,1.31,10.271,35.21,29.141,38.732,47.181,68.361,56.391,64.839,74.431,0.914,0.061,0.025,1.0,1.0,0.671
5y,ACM term premium,33.767,60.467,16.803,46.313,74.689,39.611,0.816,20.254,53.935,20.856,2.624,21.285,53.021,14.881,-1.656,16.186,49.316,-1.381,-1.216,6.913,31.424,-1.593,-1.698,2.151,21.144,0.211,-1.264,2.304,21.835,73.967,57.177,75.14,90.36,-40.2,-56.593,-41.373,-23.41,0.773,0.187,0.04,0.999,1.0,0.487
10y,ACM fitted yield,108.763,101.137,32.287,79.462,124.571,69.575,3.567,37.509,88.906,31.562,4.527,34.643,85.396,21.607,-1.755,24.733,76.824,-1.738,-0.986,11.78,49.827,-2.072,-1.619,3.647,33.419,0.334,-1.431,3.949,35.336,121.006,96.06,124.406,148.732,-12.242,-39.969,-15.642,12.703,0.804,0.161,0.035,1.0,1.0,0.518
10y,ACM expected short rates,85.559,29.242,12.553,24.61,35.959,23.937,2.812,14.525,28.276,5.305,0.634,8.877,21.92,2.425,0.058,4.273,16.956,0.184,-0.149,3.489,13.563,0.075,-0.288,1.209,8.605,0.109,-0.35,1.211,9.328,31.851,25.989,34.523,42.578,53.708,42.98,51.036,59.57,0.908,0.068,0.024,1.0,1.0,0.66
10y,ACM term premium,23.205,71.894,18.003,54.445,89.067,45.638,0.215,22.577,64.16,26.257,2.894,25.786,64.128,19.182,-2.256,20.465,60.586,-1.922,-1.923,8.311,38.106,-2.147,-2.714,2.597,25.954,0.225,-1.682,2.688,26.911,89.155,68.114,90.193,108.168,-65.95,-84.963,-66.989,-44.91,0.757,0.196,0.047,0.999,1.0,0.471
