shock,maturity,bp_per_sd_mt,p05,p50,p95,p_steepens_2s10s
ea_monetary,2y,0.137,-1.534,-0.22,1.334,0.846
ea_monetary,5y,0.477,-2.22,-0.113,2.197,0.846
ea_monetary,10y,0.701,-2.383,0.046,2.461,0.846
ea_monetary,30y,0.759,-2.14,0.168,2.311,0.846
ea_macro,2y,-0.068,-1.375,0.086,1.57,0.879
ea_macro,5y,-0.204,-2.152,0.008,2.283,0.879
ea_macro,10y,-0.253,-2.373,0.013,2.447,0.879
ea_macro,30y,-0.16,-2.079,0.091,2.288,0.879
us_monetary,2y,1.578,0.748,1.756,2.744,0.975
us_monetary,5y,2.599,1.119,2.619,4.12,0.975
us_monetary,10y,2.91,1.104,2.775,4.429,0.975
us_monetary,30y,2.545,0.774,2.366,3.955,0.975
us_macro,2y,2.873,0.897,2.01,2.905,0.83
us_macro,5y,3.916,0.901,2.63,4.112,0.83
us_macro,10y,3.908,0.648,2.551,4.299,0.83
us_macro,30y,3.446,0.481,2.207,3.885,0.83
global_risk,2y,-1.017,-2.49,-1.439,-0.068,0.998
global_risk,5y,-1.937,-3.936,-2.449,-0.5,0.998
global_risk,10y,-2.363,-4.373,-2.817,-0.856,0.998
global_risk,30y,-2.459,-4.13,-2.801,-1.066,0.998
