maturity,window,actual_bp,us_news_mt,us_news_p05,us_news_p50,us_news_p95,us_macro_mt,us_macro_p05,us_macro_p50,us_macro_p95,us_monetary_mt,us_monetary_p05,us_monetary_p50,us_monetary_p95,global_risk_mt,global_risk_p05,global_risk_p50,global_risk_p95,euro_area_mt,euro_area_p05,euro_area_p50,euro_area_p95,ea_monetary_mt,ea_monetary_p05,ea_monetary_p50,ea_monetary_p95,ea_macro_mt,ea_macro_p05,ea_macro_p50,ea_macro_p95,all_shocks_mt,all_shocks_p05,all_shocks_p50,all_shocks_p95,unspanned_mt,unspanned_p05,unspanned_p50,unspanned_p95,p_us_largest,p_global_largest,p_euro_largest,p_us_news_positive,p_all_shocks_positive,p_macro_gt_monetary,p_us_more_than_half
2y,30 Dec 2025 to 5 Oct 2026,139.0,65.052,24.721,53.128,79.492,49.532,5.328,28.957,59.806,15.52,2.147,19.963,50.857,9.251,-0.077,12.006,41.985,-0.36,-0.042,7.796,30.905,-0.413,-0.455,2.599,19.007,0.054,-0.572,2.822,21.548,73.943,58.841,78.205,94.733,65.057,44.267,60.795,80.159,0.877,0.098,0.025,1.0,1.0,0.618,0.167
2y,30 Dec 2025 to 27 Feb 2026,-7.0,-14.247,-19.646,-10.862,1.374,-20.742,-19.932,-9.24,5.158,6.495,-14.789,-0.687,7.502,2.231,-9.945,0.098,5.982,-1.117,-11.963,-1.242,6.947,-1.12,-8.466,-0.18,5.82,0.003,-8.143,-0.489,3.456,-13.133,-16.327,-12.533,-9.628,6.133,2.628,5.533,9.327,0.733,0.088,0.179,0.071,0.0,0.294,0.158
2y,27 Feb to 19 Aug 2026,81.0,40.297,13.231,33.518,50.144,37.281,3.762,22.112,44.179,3.016,-2.399,8.016,28.752,5.608,-0.157,7.212,27.671,-0.138,-3.146,4.482,23.152,0.226,-3.177,1.02,14.523,-0.364,-3.045,1.823,18.496,45.767,36.834,48.705,59.172,35.233,21.828,32.295,44.166,0.807,0.112,0.081,0.999,1.0,0.734,0.269
2y,19 Aug to 5 Oct 2026,65.0,39.002,15.226,31.021,43.523,32.993,0.433,15.915,34.177,6.009,0.748,13.008,32.103,1.413,-1.738,4.036,20.936,0.895,-2.184,3.981,19.264,0.48,-0.7,1.536,11.31,0.415,-3.222,0.686,14.076,41.31,39.034,42.152,45.38,23.69,19.62,22.848,25.966,0.889,0.063,0.048,1.0,1.0,0.552,0.449
5y,30 Dec 2025 to 5 Oct 2026,138.0,93.136,32.403,74.249,114.448,67.431,5.104,37.634,83.072,25.705,3.492,29.765,75.204,17.46,-0.831,20.667,66.715,-0.919,-0.363,11.221,45.719,-1.224,-0.859,3.488,29.585,0.305,-0.98,3.924,31.878,109.676,87.654,114.022,135.812,28.324,2.188,23.978,50.346,0.83,0.138,0.032,1.0,1.0,0.576,0.579
5y,30 Dec 2025 to 27 Feb 2026,-17.0,-17.388,-27.23,-14.121,3.82,-28.243,-27.773,-11.403,7.283,10.855,-21.42,-1.02,12.111,4.483,-15.16,0.479,10.208,-3.642,-17.722,-1.626,11.689,-3.627,-13.006,-0.334,9.152,-0.015,-11.478,-0.59,5.981,-16.548,-21.221,-16.073,-11.247,-0.452,-5.753,-0.927,4.221,0.697,0.108,0.195,0.083,0.0,0.313,0.282
5y,27 Feb to 19 Aug 2026,84.0,55.937,16.235,45.694,71.705,50.875,3.632,28.357,61.697,5.061,-3.937,11.606,42.722,10.462,-0.896,12.263,43.324,-0.421,-5.517,6.056,33.098,0.75,-5.171,1.315,22.417,-1.171,-5.445,2.063,26.229,65.978,53.201,69.41,82.944,18.022,1.056,14.59,30.799,0.779,0.139,0.082,0.998,1.0,0.707,0.572
5y,19 Aug to 5 Oct 2026,71.0,54.587,18.636,43.514,62.624,44.798,0.484,20.388,47.792,9.789,1.294,19.25,46.861,2.515,-3.62,6.873,33.101,3.144,-3.342,5.794,29.289,1.652,-1.275,2.263,17.028,1.492,-4.994,1.316,20.894,60.246,56.309,60.823,65.44,10.754,5.56,10.177,14.691,0.855,0.092,0.053,1.0,1.0,0.512,0.697
10y,30 Dec 2025 to 5 Oct 2026,117.0,96.256,31.193,75.748,118.766,67.26,3.631,36.689,85.391,28.996,4.068,31.951,81.033,21.094,-1.743,23.855,73.804,-1.479,-0.727,11.356,47.198,-1.802,-1.491,3.589,32.049,0.323,-1.323,3.774,33.951,115.871,92.127,119.128,142.126,1.129,-25.126,-2.128,24.873,0.802,0.163,0.035,1.0,1.0,0.531,0.721
10y,30 Dec 2025 to 27 Feb 2026,-17.0,-15.78,-27.715,-13.507,5.281,-28.174,-28.267,-10.383,7.579,12.393,-22.116,-0.948,13.355,5.623,-16.486,0.815,12.256,-5.359,-18.911,-1.519,13.339,-5.34,-14.332,-0.5,9.985,-0.019,-11.684,-0.395,7.399,-15.517,-20.453,-15.006,-9.962,-1.483,-7.038,-1.994,3.453,0.666,0.127,0.207,0.105,0.0,0.325,0.315
10y,27 Feb to 19 Aug 2026,68.0,56.61,15.242,45.753,74.097,50.795,2.483,27.827,62.105,5.815,-4.34,12.0,44.583,12.62,-1.536,14.395,48.183,-0.335,-6.621,6.083,34.467,1.081,-5.652,1.248,24.13,-1.415,-6.25,2.077,27.712,68.895,54.929,72.176,85.049,-0.895,-17.049,-4.176,13.071,0.751,0.165,0.084,0.996,1.0,0.677,0.709
10y,19 Aug to 5 Oct 2026,66.0,55.427,18.157,44.137,65.267,44.639,0.525,19.494,48.903,10.787,1.317,20.071,49.356,2.851,-4.907,7.6,36.24,4.215,-3.818,6.008,31.041,2.457,-1.704,2.306,18.08,1.757,-5.67,1.403,21.915,62.493,57.843,62.507,67.577,3.507,-1.577,3.493,8.157,0.835,0.108,0.057,1.0,1.0,0.481,0.76
30y,30 Dec 2025 to 5 Oct 2026,85.0,84.682,24.556,65.677,106.16,59.252,2.51,31.672,76.66,25.43,2.738,27.384,72.364,21.776,-2.276,23.463,70.108,-1.722,-0.95,10.182,43.183,-1.938,-1.669,3.119,29.328,0.216,-1.304,3.394,31.113,104.735,81.759,107.172,127.064,-19.735,-42.064,-22.172,3.241,0.777,0.187,0.036,1.0,1.0,0.541,0.807
30y,30 Dec 2025 to 27 Feb 2026,-17.0,-13.897,-25.154,-11.73,5.14,-24.82,-25.362,-8.827,6.525,10.923,-19.564,-0.728,11.843,5.98,-15.989,1.028,12.134,-5.804,-17.761,-1.872,12.162,-5.771,-13.242,-0.622,8.862,-0.033,-11.017,-0.307,6.933,-13.721,-18.399,-13.414,-8.907,-3.279,-8.093,-3.586,1.399,0.641,0.143,0.216,0.114,0.0,0.328,0.364
30y,27 Feb to 19 Aug 2026,55.0,49.936,11.879,39.269,66.802,44.784,1.435,24.12,55.809,5.151,-3.407,10.067,39.444,13.025,-1.875,14.261,44.939,0.251,-5.835,5.947,32.534,1.142,-4.898,1.176,22.383,-0.89,-5.428,1.942,25.613,63.212,49.812,65.39,76.89,-8.212,-21.89,-10.39,5.188,0.722,0.187,0.091,0.995,1.0,0.669,0.737
30y,19 Aug to 5 Oct 2026,47.0,48.643,14.188,38.147,58.26,39.287,0.363,16.744,44.013,9.355,0.935,17.396,44.103,2.771,-5.414,7.427,33.965,3.831,-3.852,5.115,27.606,2.692,-1.505,2.164,16.319,1.139,-5.755,0.972,19.423,55.244,51.17,55.312,59.536,-8.244,-12.536,-8.312,-4.17,0.81,0.13,0.06,1.0,1.0,0.487,0.843
2s10s,30 Dec 2025 to 5 Oct 2026,-22.0,31.204,4.476,22.244,39.744,17.728,-2.612,7.192,27.965,13.475,0.494,12.167,30.408,11.843,-1.683,11.586,31.566,-1.12,-2.07,3.715,19.166,-1.389,-2.766,1.073,12.811,0.269,-1.512,1.231,12.809,41.927,30.909,40.587,50.254,-63.927,-72.254,-62.587,-52.909,0.66,0.281,0.059,0.99,1.0,0.399,
2s10s,30 Dec 2025 to 27 Feb 2026,-10.0,-1.533,-9.049,-2.707,4.579,-7.432,-8.598,-1.55,2.887,5.898,-7.995,-0.118,6.152,3.392,-6.91,0.646,6.622,-4.242,-6.927,-0.356,6.836,-4.22,-5.948,-0.336,4.75,-0.022,-3.848,0.035,4.235,-2.383,-4.936,-2.621,-0.557,-7.617,-9.443,-7.379,-5.064,0.427,0.283,0.29,0.261,0.026,0.421,
2s10s,27 Feb to 19 Aug 2026,-13.0,16.313,0.618,12.076,24.121,13.514,-2.594,5.357,19.11,2.799,-2.18,4.169,17.281,7.012,-1.391,6.851,20.43,-0.197,-4.662,1.701,12.322,0.854,-3.224,0.386,9.954,-1.051,-4.052,0.319,9.229,23.128,16.246,22.602,28.235,-36.128,-41.235,-35.602,-29.246,0.602,0.297,0.101,0.959,1.0,0.537,
2s10s,19 Aug to 5 Oct 2026,1.0,16.424,2.537,13.076,22.514,11.646,-1.418,3.645,15.801,4.778,-0.089,7.456,18.624,1.439,-3.594,3.658,15.175,3.32,-2.509,2.114,12.421,1.977,-1.957,0.847,7.236,1.343,-3.21,0.584,8.852,21.183,18.782,20.582,22.228,-20.183,-21.228,-19.582,-17.782,0.692,0.21,0.098,0.989,1.0,0.349,
10s30s,30 Dec 2025 to 5 Oct 2026,-32.0,-11.575,-13.572,-9.881,-5.564,-8.008,-9.802,-4.86,-0.76,-3.566,-9.492,-4.631,-0.748,0.682,-4.266,-0.509,0.648,-0.243,-4.733,-1.17,0.281,-0.136,-3.121,-0.398,0.276,-0.107,-3.373,-0.351,0.365,-11.136,-15.433,-12.525,-9.126,-20.864,-22.874,-19.475,-16.567,0.969,0.016,0.015,0.001,0.0,0.469,
10s30s,30 Dec 2025 to 27 Feb 2026,-0.0,1.884,-0.268,1.679,3.234,3.354,-1.026,1.476,3.206,-1.47,-1.762,0.18,2.739,0.357,-0.555,0.088,0.869,-0.445,-1.564,-0.197,1.637,-0.431,-1.383,-0.118,0.975,-0.013,-0.993,0.019,1.292,1.796,1.06,1.557,2.411,-1.796,-2.411,-1.557,-1.06,0.78,0.046,0.174,0.919,1.0,0.666,
10s30s,27 Feb to 19 Aug 2026,-13.0,-6.674,-8.302,-5.828,-2.611,-6.01,-7.034,-3.562,-0.495,-0.664,-5.391,-1.868,0.812,0.405,-2.561,-0.224,0.748,0.586,-2.65,-0.149,1.264,0.061,-1.956,-0.062,0.951,0.525,-2.089,-0.03,1.229,-5.683,-8.438,-6.566,-4.459,-7.317,-8.541,-6.434,-4.562,0.939,0.025,0.036,0.003,0.0,0.329,
10s30s,19 Aug to 5 Oct 2026,-19.0,-6.784,-7.618,-5.915,-3.378,-5.352,-5.46,-2.671,-0.036,-1.432,-5.8,-3.043,-0.271,-0.081,-2.269,-0.354,0.199,-0.384,-3.493,-0.81,0.388,0.234,-1.939,-0.16,0.358,-0.618,-3.001,-0.311,0.411,-7.249,-8.041,-7.456,-6.901,-11.751,-12.099,-11.544,-10.959,0.946,0.009,0.045,0.0,0.0,0.545,
