maturity,horizon_days,measured_from,period,n,rmse_no_change_bp,r2_own_move,r2_curve_state,r2_origin,r2_all_innovations,cw_p_origin_vs_curve_state,cw_p_innovations_vs_curve_state,cw_p_origin_vs_no_change
2y,1,next close,2012-2025 real time,3443,4.7428,-0.0054,-0.0119,-0.0106,-0.0151,0.1124,0.6002,0.5748
2y,1,next close,2026 frozen model,186,5.0588,-0.0032,-0.0181,-0.0214,-0.0195,0.6833,0.5574,0.9475
2y,5,next close,2012-2025 real time,3443,10.0879,-0.0192,-0.0566,-0.0575,-0.0578,0.8016,0.2609,0.9374
2y,5,next close,2026 frozen model,182,10.0714,-0.0131,-0.1157,-0.1128,-0.1079,0.1006,0.032,0.9971
2y,20,next close,2012-2025 real time,3443,20.9752,-0.0638,-0.1571,-0.1585,-0.1581,0.9987,0.4026,0.6488
2y,20,next close,2026 frozen model,167,23.988,-0.0279,-0.4138,-0.4132,-0.4104,0.3787,0.1909,0.9882
2y,1,same close,2012-2025 real time,3443,4.7429,-0.0028,-0.0128,-0.0119,-0.0143,0.0721,0.2569,0.4314
2y,1,same close,2026 frozen model,187,5.0458,0.0093,-0.0107,-0.0193,-0.0241,0.9572,0.957,0.8439
5y,1,next close,2012-2025 real time,3443,5.3041,-0.0016,-0.007,-0.0066,-0.0099,0.1293,0.5402,0.1013
5y,1,next close,2026 frozen model,186,5.0124,-0.0083,-0.0146,-0.0149,-0.0154,0.3952,0.4686,0.8066
5y,5,next close,2012-2025 real time,3443,11.4878,-0.0101,-0.0417,-0.0425,-0.0451,0.2048,0.2342,0.6418
5y,5,next close,2026 frozen model,182,10.2609,-0.0125,-0.0434,-0.0342,-0.0274,0.0372,0.0055,0.9841
5y,20,next close,2012-2025 real time,3443,22.9562,-0.0384,-0.1825,-0.1847,-0.1839,0.9931,0.5238,0.5513
5y,20,next close,2026 frozen model,167,23.9499,-0.0186,-0.1304,-0.1283,-0.1226,0.1762,0.032,0.9876
5y,1,same close,2012-2025 real time,3443,5.3039,-0.0029,-0.0098,-0.0057,-0.004,0.0026,0.0002,0.0318
5y,1,same close,2026 frozen model,187,5.0037,0.0051,-0.0057,-0.016,-0.0386,0.7909,0.9701,0.83
10y,1,next close,2012-2025 real time,3443,5.2077,-0.0002,-0.0054,-0.007,-0.0083,0.3587,0.4637,0.0859
10y,1,next close,2026 frozen model,186,4.4925,-0.0051,-0.0076,-0.0122,-0.0153,0.6033,0.8672,0.762
10y,5,next close,2012-2025 real time,3443,11.2982,-0.0061,-0.0319,-0.0334,-0.0357,0.3518,0.4042,0.2942
10y,5,next close,2026 frozen model,182,9.4232,-0.0074,-0.0111,-0.0081,-0.0029,0.1887,0.0601,0.6455
10y,20,next close,2012-2025 real time,3443,22.4188,-0.0241,-0.1606,-0.1616,-0.1611,0.7978,0.3651,0.2159
10y,20,next close,2026 frozen model,167,20.1854,-0.0114,-0.0395,-0.0373,-0.0316,0.2371,0.0525,0.9211
10y,1,same close,2012-2025 real time,3443,5.2078,-0.0019,-0.0082,0.013,0.0167,0.0,0.0,0.0
10y,1,same close,2026 frozen model,187,4.4829,0.0015,-0.0057,-0.0232,-0.0644,0.4977,0.8455,0.5993
30y,1,next close,2012-2025 real time,3443,5.021,-0.0001,-0.0269,-0.0292,-0.0292,0.6335,0.6627,0.2885
30y,1,next close,2026 frozen model,186,3.9082,-0.0029,-0.0041,-0.0052,-0.0065,0.355,0.5637,0.453
30y,5,next close,2012-2025 real time,3443,10.7183,-0.0038,-0.0957,-0.0979,-0.0969,0.6854,0.2252,0.3925
30y,5,next close,2026 frozen model,182,8.2745,-0.002,-0.002,0.0,0.0019,0.2348,0.1522,0.3263
30y,20,next close,2012-2025 real time,3443,20.9285,-0.016,-0.3083,-0.3115,-0.3101,0.9789,0.5647,0.3202
30y,20,next close,2026 frozen model,167,15.7383,0.001,-0.0443,-0.0399,-0.0381,0.1785,0.1011,0.8667
30y,1,same close,2012-2025 real time,3443,5.0216,-0.0009,-0.0239,-0.0117,-0.0081,0.0,0.0,0.0005
30y,1,same close,2026 frozen model,187,3.8984,0.0023,-0.0043,0.0019,-0.0379,0.1646,0.5793,0.2293
