maturity,month,days,actual_bp,us_news_mt,global_risk_mt,euro_area_mt,unspanned_mt,us_news_p05,us_news_p50,us_news_p95,p_us_largest,p_global_largest,p_euro_largest
2y,2026-01,20,7.0,-1.421,4.727,-0.068,3.761,-7.58,-1.914,6.481,0.214,0.575,0.211
2y,2026-02,19,-14.0,-12.827,-2.497,-1.049,2.372,-17.497,-9.048,0.373,0.582,0.287,0.131
2y,2026-03,22,41.0,24.152,-3.112,0.781,19.179,9.272,21.239,28.476,0.903,0.017,0.08
2y,2026-04,20,9.0,0.921,4.848,0.27,2.961,-10.25,-0.25,9.695,0.275,0.513,0.212
2y,2026-05,19,10.0,3.122,2.482,-0.265,4.66,-3.844,1.271,8.487,0.328,0.412,0.26
2y,2026-06,21,16.0,4.164,-0.119,-1.002,12.956,-6.428,3.731,14.161,0.516,0.205,0.279
2y,2026-07,22,14.0,12.376,1.385,0.073,0.166,1.375,10.239,17.445,0.704,0.124,0.172
2y,2026-08,21,6.0,2.185,0.421,0.017,3.377,-2.874,2.421,6.725,0.537,0.183,0.28
2y,2026-09,21,54.0,31.267,0.55,0.69,21.493,12.061,25.501,34.191,0.902,0.056,0.042
2y,2026-10,3,-4.0,1.112,0.564,0.192,-5.868,-3.286,0.437,4.713,0.35,0.214,0.436
5y,2026-01,20,11.0,-0.639,9.263,-0.269,2.645,-9.748,-1.823,10.77,0.173,0.619,0.208
5y,2026-02,19,-28.0,-16.749,-4.78,-3.373,-3.098,-25.41,-12.534,0.638,0.535,0.339,0.126
5y,2026-03,22,41.0,35.942,-6.493,2.538,9.012,12.898,30.705,41.675,0.889,0.02,0.091
5y,2026-04,20,10.0,-2.507,9.143,0.784,2.579,-16.64,-1.845,12.9,0.236,0.586,0.178
5y,2026-05,19,11.0,2.774,5.047,-0.687,3.867,-6.281,0.874,11.588,0.26,0.498,0.242
5y,2026-06,21,6.0,8.229,-0.66,-3.669,2.1,-9.197,5.617,20.547,0.477,0.247,0.276
5y,2026-07,22,26.0,18.616,3.047,0.615,3.723,2.322,14.766,25.697,0.668,0.153,0.179
5y,2026-08,21,4.0,2.246,0.84,0.395,0.518,-4.544,2.936,9.452,0.492,0.23,0.278
5y,2026-09,21,60.0,44.518,0.984,2.315,12.183,15.143,36.1,49.711,0.876,0.077,0.047
5y,2026-10,3,-3.0,0.705,1.069,0.431,-5.206,-5.291,0.302,6.608,0.312,0.249,0.439
10y,2026-01,20,12.0,0.308,11.425,-0.605,0.872,-9.576,-1.187,12.387,0.172,0.632,0.196
10y,2026-02,19,-29.0,-16.088,-5.802,-4.754,-2.355,-26.71,-12.553,1.002,0.498,0.379,0.123
10y,2026-03,22,33.0,38.248,-8.263,3.845,-0.83,12.57,31.656,44.386,0.87,0.021,0.109
10y,2026-04,20,10.0,-5.377,11.02,1.015,3.342,-18.642,-3.098,13.044,0.22,0.615,0.165
10y,2026-05,19,5.0,1.813,6.366,-1.154,-2.025,-7.42,0.289,11.911,0.229,0.539,0.232
10y,2026-06,21,-1.0,9.854,-1.117,-5.368,-4.37,-9.475,5.821,21.546,0.446,0.286,0.268
10y,2026-07,22,31.0,19.914,3.957,1.163,5.965,2.482,15.444,27.446,0.648,0.164,0.188
10y,2026-08,21,0.0,1.55,1.119,0.667,-3.336,-5.198,2.595,9.385,0.449,0.254,0.297
10y,2026-09,21,54.0,45.863,1.166,3.197,3.774,14.609,36.798,52.135,0.856,0.095,0.049
10y,2026-10,3,2.0,0.17,1.223,0.515,0.092,-5.774,0.17,6.691,0.3,0.271,0.429
30y,2026-01,20,6.0,0.175,11.987,-1.028,-5.135,-8.305,-0.958,11.145,0.151,0.668,0.181
30y,2026-02,19,-23.0,-14.072,-6.008,-4.776,1.855,-24.294,-11.113,0.954,0.471,0.405,0.124
30y,2026-03,22,24.0,33.748,-8.875,4.343,-5.217,9.885,27.243,39.477,0.846,0.028,0.126
30y,2026-04,20,10.0,-4.697,11.349,1.055,2.294,-16.292,-2.402,12.428,0.197,0.649,0.154
30y,2026-05,19,1.0,1.727,6.798,-1.623,-5.901,-6.645,0.438,10.909,0.221,0.575,0.204
30y,2026-06,21,-8.0,8.391,-1.42,-5.796,-9.174,-9.062,4.603,18.558,0.384,0.349,0.267
30y,2026-07,22,36.0,17.525,4.308,1.728,12.439,2.096,13.36,24.399,0.61,0.185,0.205
30y,2026-08,21,-2.0,1.247,1.256,1.061,-5.564,-4.623,2.235,8.433,0.418,0.288,0.294
30y,2026-09,21,39.0,40.449,1.189,3.127,-5.765,11.347,32.14,46.652,0.839,0.106,0.055
30y,2026-10,3,2.0,0.189,1.191,0.187,0.433,-5.108,0.185,6.132,0.291,0.288,0.421
