date,actual,us_news,global_risk,euro_area,unspanned,us_news_p05,us_news_p50,us_news_p95,global_risk_p05,global_risk_p50,global_risk_p95,euro_area_p05,euro_area_p50,euro_area_p95,all_shocks_p05,all_shocks_p50,all_shocks_p95
2025-12-30,0.0,0.0,0.0,0.0,0.0,0.0,0.0,0.0,0.0,0.0,0.0,0.0,0.0,0.0,0.0,0.0,0.0
2026-01-02,5.0,6.23,1.18,-0.83,-1.59,0.01,4.52,7.97,-1.74,0.98,5.34,-1.79,0.47,5.12,6.35,6.61,6.82
2026-01-05,3.0,3.47,1.21,-1.49,-0.19,-1.96,2.11,6.18,-2.59,0.58,4.71,-3.18,0.08,5.03,2.86,3.28,3.65
2026-01-06,4.0,4.87,1.03,-1.79,-0.1,-1.11,2.84,6.93,-2.13,0.64,5.02,-3.41,0.02,5.05,3.58,4.17,4.58
2026-01-07,1.0,2.79,1.29,-1.83,-1.26,-3.13,1.49,6.5,-3.15,0.46,5.65,-5.2,-0.25,5.72,1.66,2.36,2.89
2026-01-08,5.0,4.57,1.33,-1.79,0.9,-1.72,2.84,8.0,-2.89,0.64,6.09,-4.47,-0.06,6.14,3.42,4.31,5.1
2026-01-09,4.0,5.73,1.24,-2.36,-0.62,-2.35,3.53,9.78,-4.05,0.21,6.86,-5.42,-0.14,7.31,3.71,4.71,5.64
2026-01-12,5.0,4.84,3.96,-2.78,-1.02,-4.69,2.25,10.93,-3.39,2.53,10.91,-7.45,-0.21,9.86,4.99,6.05,7.08
2026-01-13,4.0,5.64,2.94,-2.81,-1.77,-4.31,2.95,11.14,-4.06,1.72,10.11,-7.25,-0.15,9.86,4.66,5.82,7.04
2026-01-14,1.0,3.09,2.19,-3.17,-1.11,-6.7,1.22,10.28,-6.56,0.53,9.01,-8.66,-0.51,9.81,0.8,2.15,3.55
2026-01-15,3.0,6.24,2.18,-3.18,-2.24,-4.63,3.39,12.25,-5.6,0.85,9.97,-8.24,-0.33,10.3,3.8,5.32,6.82
2026-01-16,10.0,9.81,3.64,-3.02,-0.43,-2.87,6.02,16.37,-4.24,2.51,13.6,-7.92,0.19,12.48,8.98,10.73,12.45
2026-01-20,16.0,9.94,8.53,-1.58,-0.89,-4.81,5.52,19.35,-0.89,7.68,21.29,-6.99,0.9,15.74,15.2,17.0,18.91
2026-01-21,12.0,8.84,6.05,-1.28,-1.61,-3.45,5.23,15.85,-1.91,5.07,15.94,-5.38,1.05,12.84,11.67,13.62,15.52
2026-01-22,12.0,7.24,7.32,-1.61,-0.95,-4.23,3.61,13.87,-0.02,6.63,16.27,-4.57,0.76,11.62,10.97,13.06,15.18
2026-01-23,10.0,3.48,8.73,-1.24,-0.98,-6.29,0.91,10.84,0.63,7.73,16.39,-4.15,0.73,11.05,9.01,11.32,13.53
2026-01-26,8.0,-0.61,10.31,-1.12,-0.57,-8.77,-1.87,8.39,1.03,8.74,16.83,-4.84,0.64,10.84,6.72,8.92,11.52
2026-01-27,10.0,-4.33,16.09,-0.59,-1.18,-13.16,-5.32,7.99,3.2,14.0,24.01,-5.27,0.88,13.3,9.03,11.52,14.23
2026-01-28,12.0,-2.05,14.06,-0.23,0.21,-11.02,-3.06,10.16,2.54,12.67,22.82,-5.44,1.16,13.24,9.7,12.59,15.0
2026-01-29,10.0,-3.81,14.22,-0.14,-0.28,-12.59,-4.54,9.42,2.22,12.45,22.93,-6.42,1.07,13.54,7.77,11.07,13.63
2026-01-30,12.0,0.31,11.43,-0.6,0.87,-9.58,-1.19,12.39,0.64,9.99,21.3,-6.58,1.25,14.04,8.98,12.29,14.82
2026-02-02,15.0,5.3,10.84,-1.36,0.23,-6.9,2.53,16.53,0.14,9.4,21.88,-6.46,1.35,15.2,12.85,16.07,18.79
2026-02-03,14.0,4.72,10.93,-1.65,-0.0,-7.62,1.91,15.65,-0.05,9.39,21.44,-6.09,1.15,15.26,11.55,15.08,17.87
2026-02-04,15.0,4.85,11.4,-1.52,0.27,-8.53,1.98,17.11,-0.5,9.66,23.25,-7.45,1.2,16.5,11.88,15.59,18.45
2026-02-05,7.0,0.95,7.73,-1.58,-0.1,-10.15,-0.4,12.76,-4.59,5.45,17.07,-8.53,0.8,14.37,4.23,7.81,10.93
2026-02-06,8.0,0.07,9.41,-2.05,0.57,-10.23,-1.46,11.19,-2.02,7.02,17.45,-7.36,0.73,13.3,4.63,8.43,11.82
2026-02-09,8.0,-3.83,13.24,-2.27,0.86,-14.11,-4.72,9.65,-0.79,9.86,20.92,-8.44,0.61,14.52,3.75,7.81,11.38
2026-02-10,2.0,-6.91,11.37,-2.52,0.05,-16.09,-6.81,6.82,-3.01,7.8,18.15,-9.85,0.16,13.52,-1.22,2.73,6.42
2026-02-11,4.0,-4.34,11.62,-2.74,-0.54,-15.83,-5.27,10.13,-3.45,8.2,20.06,-10.59,0.27,15.52,0.84,4.93,8.81
2026-02-12,-5.0,-7.97,9.44,-2.94,-3.54,-18.52,-7.46,7.95,-7.63,5.61,16.94,-12.0,-0.18,14.96,-5.17,-0.47,3.25
2026-02-13,-10.0,-12.08,7.94,-3.15,-2.71,-21.08,-10.01,5.04,-9.04,4.03,14.32,-13.03,-0.5,12.96,-10.91,-6.06,-2.28
2026-02-17,-9.0,-11.38,8.67,-3.44,-2.85,-21.94,-9.55,6.7,-10.01,4.23,16.09,-14.5,-0.36,14.83,-10.07,-5.3,-1.3
2026-02-18,-5.0,-7.52,7.9,-4.15,-1.23,-20.11,-6.83,10.16,-11.02,3.44,16.42,-15.37,-0.2,15.84,-7.4,-2.53,1.28
2026-02-19,-6.0,-7.09,6.61,-4.28,-1.25,-19.58,-6.65,9.21,-11.65,2.42,14.61,-14.94,-0.54,14.55,-8.99,-4.12,0.09
2026-02-20,-6.0,-6.79,8.12,-4.54,-2.79,-20.33,-6.71,10.49,-11.36,3.46,16.79,-15.57,-0.37,15.91,-7.61,-2.79,1.49
2026-02-23,-11.0,-9.52,6.96,-5.04,-3.4,-23.61,-8.62,10.38,-14.93,2.16,16.03,-17.8,-0.88,16.6,-11.96,-7.06,-2.53
2026-02-24,-10.0,-9.37,6.66,-5.2,-2.09,-23.21,-8.76,9.59,-14.2,2.19,14.93,-17.6,-0.98,15.42,-12.26,-7.22,-2.6
2026-02-25,-9.0,-9.92,9.19,-5.11,-3.16,-23.41,-9.19,8.89,-11.78,4.02,17.36,-17.27,-0.78,16.16,-10.48,-5.25,-0.6
2026-02-26,-12.0,-12.52,8.1,-5.39,-2.19,-26.15,-10.76,8.39,-14.57,2.84,16.24,-18.75,-1.04,16.42,-14.29,-8.93,-4.05
2026-02-27,-17.0,-15.78,5.62,-5.36,-1.48,-27.71,-13.51,5.28,-16.49,0.82,12.26,-18.91,-1.52,13.34,-20.45,-15.01,-9.96
2026-03-02,-9.0,-5.78,2.51,-4.2,-1.53,-16.37,-5.13,7.51,-11.42,-0.36,8.65,-12.89,-1.24,10.15,-12.54,-6.88,-1.7
2026-03-03,-8.0,-0.69,-0.95,-2.38,-3.99,-8.82,-0.19,8.06,-9.75,-2.24,4.04,-8.1,-0.86,7.38,-8.93,-3.18,2.1
2026-03-04,-5.0,-1.04,1.77,-2.01,-3.72,-9.17,-0.23,8.84,-8.02,-0.41,6.96,-8.2,-0.06,8.72,-6.36,-0.68,4.82
2026-03-05,-1.0,5.69,-0.67,-1.32,-4.7,-2.19,4.6,10.36,-6.08,-1.37,4.2,-4.18,0.05,6.35,-1.83,3.82,9.03
2026-03-06,1.0,6.07,-1.76,-0.74,-2.57,-2.21,5.15,11.7,-7.79,-2.18,3.57,-4.46,0.22,6.76,-2.28,3.57,9.12
2026-03-09,-2.0,3.5,-2.44,-0.99,-2.06,-4.0,3.14,9.57,-9.18,-3.61,0.96,-4.53,0.23,5.27,-6.21,-0.04,5.58
2026-03-10,1.0,5.62,-0.7,-1.25,-2.68,-2.25,5.08,11.44,-7.38,-1.97,4.05,-4.21,0.28,6.54,-2.26,3.83,9.93
2026-03-11,7.0,13.44,-1.41,-0.89,-4.14,2.72,10.93,17.76,-6.71,-1.82,5.2,-2.74,1.19,8.5,5.0,11.16,17.35
2026-03-12,13.0,18.52,-3.15,-0.86,-1.51,4.36,15.2,23.63,-9.15,-3.04,5.86,-4.09,1.44,10.78,8.15,14.51,20.65
2026-03-13,14.0,24.72,-6.9,-0.63,-3.19,8.18,19.9,28.87,-12.32,-5.63,3.54,-4.48,1.93,12.28,10.37,16.81,23.06
2026-03-16,9.0,15.61,-4.32,-0.86,-1.44,3.77,12.98,20.81,-10.34,-4.26,2.6,-4.09,1.2,9.49,3.83,10.48,17.1
2026-03-17,6.0,11.14,-2.25,-1.08,-1.82,0.77,9.64,17.28,-9.47,-3.27,3.73,-4.04,0.79,8.92,0.93,7.85,14.59
2026-03-18,12.0,19.56,-4.96,-0.44,-2.16,5.41,16.08,24.91,-10.96,-4.4,4.34,-4.31,1.32,11.22,6.73,13.92,20.65
2026-03-19,11.0,14.53,-1.49,0.21,-2.26,1.17,12.39,22.04,-9.24,-1.99,7.07,-5.39,1.6,12.76,5.71,12.79,19.9
2026-03-20,25.0,25.44,0.03,0.7,-1.17,3.82,20.94,34.02,-8.69,0.17,15.18,-6.1,3.13,19.32,18.71,25.91,33.05
2026-03-23,20.0,20.93,1.93,0.19,-3.05,1.58,17.12,29.95,-8.32,0.78,15.43,-5.56,3.23,18.24,15.4,23.02,29.98
2026-03-24,25.0,24.51,0.95,-0.82,0.36,1.46,19.41,33.28,-10.0,0.0,16.2,-7.31,3.4,20.48,17.15,24.64,32.06
2026-03-25,19.0,21.53,-0.37,-1.22,-0.94,1.69,17.25,29.52,-10.62,-1.2,12.77,-6.41,2.32,17.65,12.44,20.07,27.54
2026-03-26,28.0,30.37,-1.73,-0.54,-0.1,4.55,24.43,39.03,-11.75,-1.59,15.81,-7.09,3.54,21.92,20.49,28.06,35.88
2026-03-27,30.0,32.88,-3.17,0.12,0.17,5.6,27.06,43.55,-13.64,-2.07,16.96,-8.66,3.74,24.79,22.71,30.33,38.32
2026-03-30,21.0,29.23,-5.85,-0.39,-1.99,3.49,24.23,41.63,-19.22,-5.46,12.25,-10.94,3.55,24.15,14.98,23.05,30.94
2026-03-31,16.0,22.47,-2.64,-1.51,-2.31,1.11,18.2,33.05,-14.99,-3.31,11.29,-9.22,2.83,19.82,10.71,18.48,26.92
2026-04-01,19.0,19.44,0.99,-2.29,0.87,-1.67,15.52,31.55,-13.4,-1.6,14.37,-8.94,2.55,19.82,9.91,18.06,26.45
2026-04-02,17.0,21.52,-1.42,-2.44,-0.66,-0.36,17.0,31.75,-14.48,-3.26,11.48,-8.01,2.24,18.86,8.92,17.55,25.75
2026-04-07,19.0,23.18,-2.98,-2.25,1.05,0.82,18.44,33.24,-15.07,-3.76,10.67,-10.04,2.46,19.81,9.02,17.62,26.07
2026-04-08,15.0,14.17,5.02,-3.42,-0.77,-5.32,11.03,26.92,-10.65,0.99,16.11,-9.73,1.86,18.04,7.26,15.68,24.42
2026-04-09,15.0,14.49,5.02,-3.41,-1.09,-4.3,11.23,25.52,-8.75,1.56,15.65,-7.94,1.94,17.14,7.75,16.23,25.13
2026-04-10,17.0,17.76,4.71,-3.53,-1.94,-3.48,13.89,28.74,-9.15,1.79,17.72,-8.84,2.02,18.98,10.79,19.49,28.48
2026-04-13,16.0,16.27,4.72,-3.46,-1.53,-3.54,12.39,26.95,-8.4,1.41,16.16,-9.3,2.13,17.97,8.08,17.61,26.21
2026-04-14,12.0,10.89,5.37,-3.53,-0.74,-5.28,8.55,21.97,-6.99,2.0,14.88,-8.88,1.65,15.4,4.41,13.82,23.15
2026-04-15,15.0,13.04,5.37,-2.93,-0.48,-2.02,10.19,22.1,-4.02,2.75,14.52,-6.5,1.71,14.13,7.2,16.6,26.01
2026-04-16,18.0,14.9,5.82,-2.24,-0.47,0.31,12.14,24.07,-2.44,3.24,15.33,-5.0,1.83,13.92,9.77,19.69,28.98
2026-04-17,12.0,8.49,7.03,-3.07,-0.45,-3.71,7.44,19.19,-3.82,3.05,14.03,-5.46,1.35,12.4,3.46,13.68,22.97
2026-04-20,12.0,8.98,7.64,-3.39,-1.23,-3.93,7.42,18.67,-2.51,4.07,15.07,-4.92,1.13,12.17,4.29,14.58,23.94
2026-04-21,16.0,14.32,5.64,-2.45,-1.5,0.61,11.55,23.09,-1.82,3.45,14.72,-3.81,1.64,11.82,8.4,18.97,28.28
2026-04-22,16.0,15.68,4.93,-1.94,-2.68,2.56,13.1,23.99,-2.05,2.79,13.11,-3.14,1.86,11.01,9.35,20.01,29.57
2026-04-23,20.0,18.25,4.01,-1.64,-0.63,3.69,15.09,26.57,-2.35,2.47,14.11,-3.36,2.22,12.31,11.59,22.24,32.17
2026-04-24,17.0,13.69,6.2,-1.63,-1.26,1.87,11.68,23.01,-0.84,4.17,14.16,-2.28,1.87,10.31,9.16,19.99,29.72
2026-04-27,21.0,17.01,6.09,-1.22,-0.88,2.8,13.94,26.06,-0.94,4.39,16.31,-2.74,2.24,12.04,12.27,23.35,32.96
2026-04-28,22.0,18.7,5.09,-0.88,-0.9,3.63,15.43,27.79,-1.88,3.72,16.49,-3.65,2.14,13.37,13.24,24.41,34.03
2026-04-29,28.0,25.44,5.36,-0.24,-2.56,6.19,20.68,34.78,-1.91,4.92,20.55,-3.18,2.83,16.21,20.61,32.12,41.69
2026-04-30,26.0,17.09,8.38,-0.5,1.03,3.18,14.7,27.41,0.09,6.53,19.02,-1.26,2.64,12.4,15.31,26.77,36.51
2026-05-04,31.0,23.38,6.77,0.26,0.6,3.86,19.09,34.29,-1.77,6.95,23.07,-3.05,2.58,16.55,20.48,32.13,41.86
2026-05-05,29.0,21.29,8.57,0.02,-0.89,4.86,17.62,32.14,-0.28,7.36,21.93,-1.17,2.86,13.83,19.31,31.57,41.21
2026-05-06,22.0,13.11,11.54,-1.79,-0.86,0.06,10.97,24.64,0.77,8.14,20.38,-1.59,2.31,11.94,12.36,24.48,34.37
2026-05-07,27.0,17.27,10.0,-1.5,1.23,1.56,13.72,27.75,0.15,8.92,22.87,-1.8,1.99,12.57,15.39,27.78,37.56
2026-05-08,24.0,12.5,11.88,-0.83,0.45,-1.46,10.4,24.81,0.76,10.04,22.86,-2.35,2.04,12.24,12.83,25.21,35.41
2026-05-11,28.0,15.9,13.18,-0.37,-0.71,-0.45,13.02,29.11,0.79,11.96,27.13,-2.55,2.46,14.61,18.07,30.61,41.23
2026-05-12,32.0,23.62,10.58,0.45,-2.64,2.31,18.82,36.29,-0.6,10.91,29.4,-3.21,3.08,18.11,24.11,37.1,47.51
2026-05-13,32.0,23.82,10.65,0.25,-2.72,3.3,19.15,36.54,-0.44,10.58,29.02,-2.98,3.04,16.98,23.99,36.91,47.5
2026-05-14,33.0,24.58,11.16,0.14,-2.88,3.59,19.64,38.5,-0.82,11.26,30.38,-3.57,3.07,18.38,24.95,38.15,48.79
2026-05-15,45.0,36.39,9.81,0.99,-2.19,7.41,28.77,49.46,-1.86,11.72,35.62,-3.44,4.11,23.87,36.6,49.89,60.14
2026-05-18,47.0,33.06,12.32,0.75,0.87,7.27,26.54,46.6,-0.14,12.79,34.52,-2.06,4.12,20.87,34.77,48.32,58.76
2026-05-19,53.0,41.03,12.34,0.77,-1.14,10.0,32.2,53.93,-0.39,13.76,38.57,-1.31,5.01,24.03,42.57,56.19,66.96
2026-05-20,43.0,31.51,14.49,-0.24,-2.76,7.68,24.88,45.23,0.7,14.54,34.77,-1.11,4.46,20.37,34.63,48.23,59.0
2026-05-21,43.0,30.35,14.71,-1.32,-0.73,6.68,23.53,43.63,0.78,14.26,33.9,-1.44,4.08,19.71,31.99,45.75,56.77
2026-05-22,42.0,30.26,13.57,-1.33,-0.51,6.61,23.12,43.53,0.15,13.56,33.34,-2.28,3.55,19.97,30.66,44.52,55.96
2026-05-26,36.0,23.04,15.07,-1.92,-0.19,3.32,17.72,37.57,0.72,13.27,31.42,-3.41,2.9,18.18,24.09,37.92,49.95
2026-05-27,34.0,24.15,14.24,-2.32,-2.07,3.54,18.38,38.06,0.59,12.93,31.24,-3.06,2.86,17.8,24.2,38.24,50.5
2026-05-28,31.0,20.72,14.43,-2.03,-2.12,0.98,15.72,35.3,0.41,13.04,30.96,-4.13,2.26,17.89,21.14,35.45,47.67
2026-05-29,31.0,18.9,14.75,-1.65,-1.0,-0.36,14.55,34.46,0.34,13.09,30.95,-4.73,2.16,18.07,19.8,34.24,46.71
2026-06-01,33.0,22.51,13.35,-1.69,-1.17,1.84,17.52,37.55,-0.11,12.27,30.31,-4.04,2.66,17.81,22.18,36.9,49.3
2026-06-02,32.0,22.81,13.51,-2.22,-2.1,2.44,17.79,37.57,0.06,11.84,30.01,-3.88,2.65,17.59,21.72,36.7,49.1
2026-06-03,35.0,28.24,12.02,-2.06,-3.21,5.2,22.17,41.76,-0.41,11.44,30.5,-3.06,2.98,17.95,25.78,40.83,53.28
2026-06-04,33.0,25.97,12.71,-2.31,-3.37,4.03,20.46,40.23,-0.19,11.11,29.6,-3.13,2.89,18.12,24.15,39.1,51.65
2026-06-05,41.0,33.13,11.19,-2.47,-0.85,8.68,25.92,45.34,-0.93,10.26,30.04,-2.3,3.49,19.01,29.43,44.49,57.14
2026-06-08,42.0,35.2,12.26,-2.4,-3.07,9.55,27.44,47.14,-0.44,11.31,32.58,-1.55,4.16,20.45,32.62,47.79,60.52
2026-06-09,39.0,32.38,11.48,-3.0,-1.86,7.91,25.31,44.41,-0.72,9.58,29.27,-1.57,3.73,18.92,28.14,43.4,56.35
2026-06-10,41.0,35.28,11.07,-2.84,-2.51,9.06,27.39,46.78,-0.83,9.67,30.78,-1.44,3.89,19.91,30.52,45.88,59.3
2026-06-11,31.0,26.57,11.78,-3.66,-3.68,4.09,20.79,39.41,-1.09,8.59,26.77,-2.69,3.15,18.56,21.67,36.85,50.66
2026-06-12,34.0,27.66,12.69,-4.52,-1.82,4.04,21.19,40.38,-0.83,9.55,28.7,-3.38,2.74,18.72,22.79,38.16,51.99
2026-06-15,33.0,25.51,13.86,-4.3,-2.07,3.32,19.12,38.87,-0.14,10.94,29.66,-4.2,2.46,18.5,21.62,37.27,51.27
2026-06-16,29.0,21.61,15.1,-4.53,-3.18,0.38,16.51,36.29,-0.05,11.01,29.31,-5.1,2.2,19.35,18.54,34.38,48.65
2026-06-17,35.0,28.6,13.8,-5.17,-2.23,2.76,21.57,43.01,-1.95,9.57,31.71,-6.04,2.48,23.19,23.32,39.64,54.0
2026-06-18,32.0,28.93,11.88,-6.11,-2.71,3.01,21.83,42.62,-3.06,7.9,29.85,-7.42,2.35,23.05,20.8,37.4,51.78
2026-06-22,37.0,34.1,12.29,-6.8,-2.59,4.72,25.65,47.72,-3.63,8.4,32.67,-7.61,2.49,25.66,25.68,42.31,56.98
2026-06-23,36.0,34.75,11.06,-6.68,-3.13,5.04,26.09,48.22,-4.79,6.94,31.9,-8.07,2.24,24.85,25.21,41.73,56.78
2026-06-24,27.0,28.16,8.25,-6.62,-2.79,1.95,21.7,41.63,-7.09,3.96,25.72,-9.62,1.59,22.62,15.86,32.28,47.71
2026-06-25,26.0,26.92,8.88,-7.33,-2.47,-0.56,20.57,41.9,-8.73,3.83,26.23,-10.77,1.4,23.82,14.49,30.92,46.58
2026-06-26,24.0,25.56,8.78,-7.22,-3.13,-0.16,19.56,39.15,-7.42,3.95,25.08,-10.24,1.18,21.74,12.84,29.28,45.3
2026-06-29,24.0,24.4,9.95,-6.82,-3.53,0.08,18.72,38.43,-5.56,5.02,25.35,-9.63,1.27,21.44,13.07,29.36,45.55
2026-06-30,30.0,28.76,13.63,-7.02,-5.37,0.58,21.17,43.89,-4.15,8.32,33.01,-10.43,1.8,25.71,20.56,36.99,53.2
2026-07-01,34.0,32.69,12.22,-6.63,-4.28,3.89,24.02,46.38,-3.99,7.91,32.19,-9.28,1.98,24.85,23.51,40.16,56.3
2026-07-02,35.0,31.62,14.03,-6.93,-3.71,1.63,23.39,46.99,-3.89,8.8,34.4,-9.28,2.47,27.12,23.8,40.52,56.87
2026-07-06,34.0,32.18,13.1,-7.48,-3.8,2.15,23.67,46.41,-4.03,8.34,32.87,-8.89,2.2,26.15,22.61,39.91,56.09
2026-07-07,41.0,39.82,12.06,-6.96,-3.92,6.8,29.19,52.78,-3.1,9.07,34.21,-6.65,2.89,25.49,29.97,47.4,63.94
2026-07-08,42.0,43.58,10.65,-5.78,-6.44,10.4,32.96,55.6,-2.76,8.89,33.81,-3.8,3.64,23.68,33.5,50.96,67.88
2026-07-09,40.0,39.47,10.89,-5.55,-4.81,9.46,30.43,52.71,-2.91,8.52,31.91,-4.32,3.41,22.5,29.86,47.71,64.51
2026-07-10,42.0,40.36,10.7,-5.46,-3.61,9.75,30.99,53.75,-3.17,8.3,32.01,-4.5,3.43,22.86,30.46,48.35,65.19
2026-07-13,48.0,45.76,10.66,-5.18,-3.25,13.14,35.27,59.03,-3.14,8.9,34.68,-3.58,4.06,24.11,36.04,53.89,70.58
2026-07-14,44.0,41.65,11.51,-5.14,-4.02,10.72,32.25,55.66,-2.73,8.81,33.49,-3.68,3.83,22.99,32.1,50.22,67.01
2026-07-15,41.0,38.54,11.44,-5.31,-3.67,8.89,29.8,52.58,-2.68,8.65,31.31,-4.03,3.51,22.64,28.69,47.03,63.88
2026-07-16,43.0,40.41,10.11,-5.48,-2.04,10.13,31.37,53.81,-3.55,7.59,31.35,-4.29,3.51,22.51,29.0,47.42,64.45
2026-07-17,41.0,40.82,9.17,-5.47,-3.52,10.48,32.06,54.05,-4.47,6.26,30.49,-4.74,3.56,23.11,28.39,46.8,63.92
2026-07-20,46.0,44.43,8.89,-5.13,-2.19,12.87,35.12,57.09,-4.11,6.8,31.38,-3.82,3.98,22.9,32.15,50.84,67.77
2026-07-21,49.0,46.63,10.08,-5.41,-2.3,13.18,36.7,60.43,-4.07,7.69,34.27,-4.1,4.44,25.32,34.96,53.99,71.0
2026-07-22,53.0,48.36,11.72,-5.83,-1.24,12.57,37.67,62.66,-3.4,9.02,37.04,-4.18,4.48,26.95,37.69,56.84,73.98
2026-07-23,57.0,52.88,10.82,-5.26,-1.44,15.57,41.18,66.26,-3.52,9.1,37.69,-3.39,5.13,26.55,41.41,60.77,78.14
2026-07-24,55.0,50.89,11.24,-5.32,-1.8,14.39,39.54,64.55,-4.2,8.97,36.99,-3.67,5.02,27.59,39.67,59.02,76.76
2026-07-27,51.0,47.35,11.94,-6.13,-2.16,11.49,36.89,62.21,-4.56,8.69,36.55,-4.72,4.42,28.05,36.21,55.69,73.53
2026-07-28,47.0,43.58,11.66,-6.39,-1.85,9.48,33.53,58.67,-4.49,8.07,34.74,-5.26,3.93,26.69,31.76,51.35,69.36
2026-07-29,53.0,46.85,15.35,-5.75,-3.45,9.5,35.92,62.48,-2.89,12.2,39.96,-4.27,4.63,29.57,39.04,58.58,76.98
2026-07-30,54.0,43.31,18.28,-5.8,-1.79,7.14,32.98,60.4,-1.68,13.89,41.69,-4.37,4.82,30.04,38.39,58.03,76.73
2026-07-31,61.0,48.67,17.59,-5.86,0.6,9.35,36.71,64.6,-0.95,15.04,43.98,-3.63,5.35,30.67,43.17,62.95,81.66
2026-08-03,56.0,44.99,17.14,-6.16,0.04,8.52,34.06,61.33,-1.11,13.95,42.48,-4.35,4.85,28.94,38.61,58.95,77.55
2026-08-04,49.0,39.0,17.37,-6.6,-0.77,5.48,29.5,56.19,-1.01,13.21,39.85,-5.69,4.11,27.37,31.94,52.9,71.63
2026-08-05,49.0,37.88,18.27,-6.63,-0.53,4.64,28.7,55.93,-0.5,14.15,41.33,-5.7,3.82,27.19,31.83,53.11,71.66
2026-08-06,55.0,43.41,18.95,-6.55,-0.81,7.16,32.91,61.87,-0.73,15.0,44.49,-5.02,4.42,29.56,37.75,59.01,77.77
2026-08-07,51.0,40.9,19.74,-6.68,-2.96,5.59,30.85,59.39,-0.38,15.73,44.27,-5.58,4.26,29.28,35.98,57.45,76.18
2026-08-10,58.0,46.07,19.82,-6.65,-1.23,7.64,34.94,64.32,-0.31,16.71,46.78,-4.52,4.85,30.77,41.4,63.17,81.78
2026-08-11,56.0,44.65,20.35,-6.77,-2.24,6.57,33.92,63.37,-0.37,16.57,46.87,-5.04,4.66,31.31,40.34,62.16,81.07
2026-08-12,54.0,44.63,19.7,-6.84,-3.49,7.03,33.9,63.3,-0.58,15.84,46.08,-5.17,4.7,31.02,39.38,61.48,80.44
2026-08-13,49.0,41.42,19.03,-6.98,-4.47,5.86,31.53,60.13,-0.63,14.95,43.95,-5.8,4.19,28.91,35.36,57.63,76.64
2026-08-14,54.0,45.15,19.49,-6.72,-3.91,7.45,34.37,63.93,-0.2,16.29,45.88,-4.7,4.58,30.03,39.51,61.89,81.14
2026-08-17,58.0,47.52,20.23,-6.43,-3.32,8.11,36.35,66.81,0.0,17.28,47.75,-4.26,4.98,31.03,42.87,65.33,84.74
2026-08-18,57.0,47.79,18.51,-6.03,-3.27,8.83,37.01,66.03,-0.35,15.45,45.86,-4.31,4.97,30.49,41.73,64.24,83.71
2026-08-19,51.0,40.83,18.24,-5.69,-2.38,5.94,31.73,59.74,0.32,14.94,42.35,-5.36,4.49,27.71,35.15,57.88,77.05
2026-08-20,55.0,43.19,20.72,-5.44,-3.47,6.4,33.88,62.77,0.57,17.14,46.7,-4.1,5.03,29.84,39.81,62.78,82.05
2026-08-21,60.0,44.34,22.13,-5.2,-1.27,6.55,34.86,65.28,0.82,18.34,48.99,-3.3,5.62,30.97,42.59,65.57,84.93
2026-08-24,56.0,42.33,21.11,-5.56,-1.88,5.81,33.29,63.14,0.35,17.16,45.74,-3.46,5.23,30.57,39.05,62.5,81.41
2026-08-25,50.0,36.69,19.73,-6.0,-0.41,4.13,28.58,57.14,0.1,14.97,41.38,-4.66,4.51,27.69,30.96,54.83,73.98
2026-08-26,52.0,39.79,18.94,-6.16,-0.56,5.54,30.93,59.95,-0.15,14.53,42.29,-5.06,4.53,28.23,33.03,57.15,76.6
2026-08-27,53.0,42.47,18.57,-5.59,-2.46,7.26,33.49,62.25,0.05,14.99,43.49,-4.71,4.92,27.7,35.96,60.11,79.71
2026-08-28,59.0,48.36,18.36,-5.63,-2.08,9.88,38.15,67.97,-0.55,14.74,45.63,-4.26,5.22,30.29,41.44,65.67,85.32
2026-08-31,61.0,50.22,18.7,-5.19,-2.74,11.02,39.31,69.08,-0.09,15.93,46.75,-4.13,5.93,30.21,44.13,68.34,88.1
2026-09-01,65.0,54.71,17.58,-4.37,-2.91,13.17,43.29,73.91,-0.54,15.55,48.18,-4.09,6.6,31.82,48.15,72.56,92.2
2026-09-02,65.0,53.98,16.9,-4.3,-1.59,13.47,42.95,73.04,-0.78,14.27,46.73,-4.34,6.47,31.46,46.71,70.9,90.96
2026-09-03,63.0,50.72,18.2,-4.2,-1.72,11.37,40.29,70.02,0.05,15.67,46.85,-3.99,6.26,30.66,44.84,69.22,89.2
2026-09-04,64.0,50.75,19.14,-4.25,-1.64,11.67,40.6,71.12,-0.08,16.45,47.31,-3.55,6.46,30.62,45.56,69.98,90.0
2026-09-08,66.0,52.03,18.99,-4.26,-0.76,11.75,41.62,71.94,-0.21,16.04,48.48,-4.11,6.46,31.38,46.21,70.77,90.93
2026-09-09,69.0,57.49,18.16,-3.58,-3.07,13.75,45.81,77.67,-0.24,15.98,51.17,-4.98,7.25,34.68,51.28,76.17,96.25
2026-09-10,81.0,66.54,19.27,-2.67,-2.14,17.44,52.8,86.76,-0.07,18.27,57.51,-4.04,8.72,38.95,62.45,87.44,107.72
2026-09-11,82.0,66.72,20.15,-2.51,-2.36,17.62,53.26,87.46,0.11,18.96,58.14,-2.98,8.9,38.51,63.93,88.95,109.3
2026-09-14,83.0,70.14,18.81,-2.45,-3.5,19.94,55.65,90.14,-0.44,18.7,58.33,-2.66,8.85,38.7,65.81,91.14,111.34
2026-09-15,86.0,71.1,18.22,-2.2,-1.12,20.49,56.65,91.02,-0.75,18.05,58.22,-3.02,9.01,39.9,65.72,91.36,111.74
2026-09-16,87.0,73.1,17.58,-2.54,-1.14,22.43,58.66,93.66,-1.47,17.26,57.49,-2.28,9.41,39.63,66.64,92.28,112.83
2026-09-17,80.0,67.8,15.85,-2.96,-0.7,20.88,54.52,87.35,-1.74,15.01,52.28,-2.96,8.38,36.55,59.13,84.79,105.58
2026-09-18,87.0,71.84,16.71,-2.83,1.28,21.91,57.26,91.83,-1.43,16.56,56.08,-3.34,8.53,38.53,64.07,89.8,110.62
2026-09-21,82.0,67.52,17.14,-3.13,0.47,20.97,54.53,87.38,-1.53,16.05,53.06,-2.96,8.11,35.97,59.21,85.08,106.44
2026-09-22,82.0,68.82,16.95,-3.61,-0.16,20.78,55.17,88.53,-1.65,16.11,53.47,-3.12,8.01,36.4,60.12,85.77,107.22
2026-09-23,97.0,84.44,16.06,-3.1,-0.4,26.37,66.63,103.38,-2.4,16.95,59.9,-3.4,9.29,41.7,74.89,101.16,122.41
2026-09-24,104.0,90.25,19.33,-2.51,-3.06,27.52,70.8,111.21,-1.41,20.73,67.17,-2.35,10.56,45.51,84.33,110.65,132.2
2026-09-25,103.0,88.09,18.57,-2.51,-1.15,27.1,69.45,108.21,-1.53,19.53,64.88,-2.41,10.52,44.52,81.66,107.86,129.78
2026-09-28,110.0,92.74,19.68,-2.86,0.45,28.3,72.47,113.35,-1.36,21.0,69.47,-2.31,11.36,47.15,86.91,113.59,135.39
2026-09-29,112.0,93.34,19.06,-2.75,2.35,29.52,73.35,113.82,-1.8,20.24,68.71,-1.97,11.4,47.15,86.32,112.9,135.29
2026-09-30,115.0,96.09,19.87,-1.99,1.04,30.2,75.24,118.04,-1.47,22.05,72.08,-1.86,11.49,49.23,91.17,117.73,139.94
2026-10-01,110.0,92.59,18.31,-1.24,0.34,29.9,73.51,114.83,-2.75,20.6,68.92,-0.9,10.69,45.42,86.31,113.1,135.79
2026-10-02,114.0,92.59,20.92,-1.38,1.86,29.62,73.45,114.83,-1.75,23.14,72.03,-0.43,11.45,46.08,88.92,115.72,138.54
2026-10-05,117.0,96.26,21.09,-1.48,1.13,31.19,75.75,118.77,-1.74,23.85,73.8,-0.73,11.36,47.2,92.13,119.13,142.13
