date,event,expected,actual_2d_bp,ea_monetary_bp,ea_macro_bp,us_monetary_bp,us_macro_bp,global_risk_bp,dominant_mt,hit_mt,share_draws_hit
2008-09-15,Lehman Brothers collapse,global_risk/us_macro/ea_macro,-10.999999999999943,0.5345007075817474,-0.8539750475765556,-2.896314046156059,-3.5603723002929817,-1.7135367941192454,us_macro,True,0.807
2008-11-25,LSAP1 announcement,us_monetary,-8.000000000000007,3.414494109752615,-2.425827571174022,-10.113945166017484,3.423694524505171,-1.5879610235579313,us_monetary,True,0.4
2009-03-18,LSAP1 expansion,us_monetary,-7.000000000000028,22.178751871132715,9.542317353735925,-11.807776110006792,-5.085402899943515,-0.09219003510300583,ea_monetary,False,0.006
2010-05-10,"Greek programme, EFSF, SMP",ea_monetary/ea_macro,16.999999999999993,-1.1743925473678098,8.486193086420565,1.3957402621616646,4.49629915309284,1.007526240411313,ea_macro,True,0.682
2010-11-03,LSAP2 announcement,us_monetary,4.0000000000000036,7.064806967684012,1.5394103631590181,-4.83559457647674,-0.0508064162048697,0.1886512973084982,ea_monetary,False,0.067
2012-07-26,Draghi 'whatever it takes',ea_monetary/global_risk,2.9999999999999805,-5.142993353512315,4.292688450947701,-0.27234560268042185,0.3499395664529792,2.393545630176053,ea_monetary,True,0.572
2013-06-19,"FOMC, taper tantrum",us_monetary,8.999999999999986,1.331873287617374,-5.79035641851705,7.766307907368429,-0.8557131684283669,-0.055254883872934646,us_monetary,True,0.41
2014-08-22,Draghi Jackson Hole,ea_monetary,-7.000000000000006,-7.308220802766057,0.7680256613323362,-0.3873246164209002,0.45228929236281606,-0.23167111158210543,ea_monetary,True,0.556
2014-09-04,"DFR cut, ABSPP/CBPP",ea_monetary,1.0000000000000009,-6.162583949110189,1.8247269408006,2.6645126988537666,1.9207780912240155,-0.26906913493596796,ea_monetary,True,0.496
2015-01-22,APP announcement,ea_monetary,-8.999999999999996,-13.683663062276494,1.988826429499754,-0.045591228349620594,3.8741269523392416,-1.3979716205470045,ea_monetary,True,0.563
2015-12-03,"DFR cut, APP extension",ea_monetary,19.000000000000007,17.161516717745965,-4.221325098708768,-1.6260242476873137,-3.2589299529929407,1.7408719557517702,ea_monetary,True,0.589
2016-01-04,Stock market sell-off,ea_macro/global_risk,-8.999999999999996,-3.3359774490428675,-2.5873062890938843,1.1337279234666122,-0.387936039517344,-1.4095455193980793,ea_monetary,False,0.809
2016-06-23,Brexit referendum,ea_macro/global_risk,-13.000000000000002,-3.257151382514361,-7.729128557613608,-1.806564773521366,-0.9882469737881834,-1.6018980049344815,ea_macro,True,0.784
2016-11-08,US presidential election,us_macro/global_risk,2.0000000000000018,-3.8559814077717482,-4.477048149000547,3.549505446992781,2.519601729176535,1.0718814476702154,ea_macro,False,0.058
2017-04-24,"French election, first round",ea_macro/global_risk,12.999999999999998,5.838441122563761,5.990755661722887,1.6178927365203417,-0.6735074878962122,1.901730417710416,ea_macro,True,0.768
2020-02-25,COVID-19 intensifies,global_risk/ea_macro/us_macro,-2.0000000000000018,0.13254705443831008,3.84655237133145,2.8229566444241705,-3.582656536203429,-0.44280632044917934,ea_macro,True,0.647
2020-03-12,ECB Governing Council,ea_monetary,14.0,14.771174898087574,-11.908404244021261,3.6426552162765233,-0.06482903604946344,-0.9265930785135708,ea_monetary,True,0.376
2020-03-18,PEPP announcement,ea_monetary,14.999999999999996,-1.3187386591516805,-3.2579294772318663,6.805875349826966,0.2872541807239639,-1.3664033826924613,us_monetary,False,0.106
