outcome,h,period,n,r2_m1_vs_m0,r2_m2_vs_m0,r2_m3_vs_m0,r2_m4_vs_m0,r2_m3_vs_m2,cw_t_m3,cw_p_m3,mae_ratio_m3_vs_m2,r2_m4_vs_m2,cw_t_m4,cw_p_m4,mae_ratio_m4_vs_m2
ea10,2,2004-2025,5340,-0.0009398711158754569,-0.008961047166341496,-0.009119665165759683,-0.007884859607364625,-0.00015720924000350855,0.2626277075666261,0.39641877097857436,0.9999161229386679,0.0010666294422360112,1.7392911560506963,0.0409917810819721,1.0006938949690658
ea10,2,2020-2025,1454,-0.0015363854752805661,-0.0019935915323223696,-0.00040039993308238486,0.004094985014499342,0.001590021745352166,2.5270968761188297,0.005750488672833653,0.999541501192473,0.006076462562510598,2.4903984749978108,0.006379997269398672,1.000658180884142
ea10,5,2004-2025,5337,-0.0016765373105460668,-0.03259256295113033,-0.033480196873814316,-0.03188304741326631,-0.0008596168077630306,-0.8470584108129335,0.8015187175809253,1.0006190336702347,0.0006871205190905894,1.500144168414131,0.0667885309413799,1.0004541426767932
ea10,5,2020-2025,1451,-0.004776423411806174,-0.005222855919635672,-0.00513227485657386,-0.0018697566534391363,9.01104292728716e-05,0.30756790773872233,0.37920557153367707,1.0001459897580514,0.0033356775032028496,1.3770933733003843,0.08424169061871828,0.9995297541086317
ea10,10,2004-2025,5332,-0.003511407313618431,-0.07421249202275737,-0.07550000467925022,-0.07538108166480462,-0.0011985642189549228,-0.6780834362831264,0.7511406038756414,1.0012764084632955,-0.0010878570587526948,0.561616271290674,0.287188745955682,1.001755635472087
ea10,10,2020-2025,1446,-0.011944934763228776,-0.016758555351902737,-0.016288072302692358,-0.014308654080763983,0.00046272838987571063,0.7708743977554716,0.22039069187367138,1.0004111630255386,0.002409521177120455,1.4693899573366063,0.07086352483372761,1.0000349640940036
ea10,20,2004-2025,5322,-0.006534213848141679,-0.15785707818400385,-0.1606214218560007,-0.16289113021098722,-0.0023874653651834166,-2.10438278467533,0.982327465054312,1.0013644465184939,-0.004347731789901665,-2.1250594392648994,0.9832091732596369,1.002441358626385
ea10,20,2020-2025,1436,-0.02333948050096435,-0.041099503504445245,-0.04034263449860642,-0.03945918721089536,0.00072699007471555,1.3440163090344002,0.08947155655741751,0.9996617479940505,0.0015755614982320143,1.269218212343661,0.10218162358976662,0.998795602947807
us10,2,2004-2025,5340,0.0017741712360466178,-0.004757215755116562,-0.0060608701051134695,-0.008115992652353077,-0.001297481948429935,-1.0808627605172967,0.86012091706693,1.0007979382989398,-0.0033428741237875315,-1.0101259644454366,0.8437825279804376,1.0016513642772726
us10,2,2020-2025,1454,0.004939762713774276,0.0026341959141257254,0.003076267149814793,0.0019111706015579877,0.00044323881356067574,0.783305006527298,0.21672401197039198,0.9998715798689933,-0.0007249349332068,0.19820087010221907,0.42144395337384877,1.0000748322411317
us10,5,2004-2025,5337,-0.0007487407893325138,-0.02940830149650453,-0.031149191036301982,-0.03340819480591839,-0.001691155528148025,-1.3320556754790192,0.9085790529819769,1.0008093233699393,-0.003885623715681241,-1.356751924917482,0.9125699761835258,1.0018214517331272
us10,5,2020-2025,1451,-0.0013107052443965816,-0.010504277288683195,-0.01087200073589778,-0.012358592973777505,-0.0003639009309304164,-0.14865268712617422,0.5590861517405015,1.000494847279586,-0.0018350399169704268,-0.20814454757572634,0.5824419475757608,1.0012897303718096
us10,10,2004-2025,5332,-0.0027631161928962644,-0.06727043411707712,-0.06823392016768293,-0.06952494175558144,-0.0009027571830027004,-0.29294624426841376,0.6152183796154367,1.0004469145463237,-0.0021124052221772605,-0.5564213848724653,0.7110385883966741,1.000884943811299
us10,10,2020-2025,1446,-0.005698292851796349,-0.020217799879526765,-0.020518747829313178,-0.020727011891569003,-0.00029498402186467487,-0.017530968260292948,0.5069934862299003,0.9994143938420152,-0.0004991208858562413,0.15850685654940813,0.43702870910971514,0.9991992678124861
us10,20,2004-2025,5322,-0.005021939129435271,-0.12656594396127474,-0.12918199995629887,-0.13081764276058405,-0.002322150788461874,-1.98846105165333,0.976619638770435,1.001196409198073,-0.003774034553502892,-2.137020120984686,0.9837018224449733,1.0018711223133485
us10,20,2020-2025,1436,-0.012397140918964267,-0.06560730327928832,-0.06655631134537487,-0.06731843347966171,-0.0008905795438585162,-0.7517232702923257,0.7738912533482267,1.000449605571488,-0.001605779347708669,-0.6346494497777287,0.7371714653330197,1.0008063365887732
spread,2,2004-2025,5340,0.0017426299810239243,0.0017269170869295136,0.00046468224191986707,-0.0012160531001497166,-0.001264418390733546,-0.9763511407197136,0.8355547574833603,1.000766875503729,-0.0029480612444157117,-1.7757673562165237,0.9621143648707244,1.0017494159219942
spread,2,2020-2025,1454,0.006405210988166377,0.006398961470310605,0.008405434651721055,0.009132880214010153,0.0020193952135754145,2.250027751593606,0.012223591856625166,0.9995299417154775,0.002751525650320552,2.0471389407709255,0.020322222250755338,0.9992259225126312
spread,5,2004-2025,5337,-0.001188472599377155,0.0010160927350669757,0.0002466647181635917,-0.001255261398804608,-0.000770210622321077,0.6714066576231096,0.2509807524291052,1.0005647239750022,-0.002273664387737906,0.42417703948821833,0.33571835221518465,1.0010978841649438
spread,5,2020-2025,1451,0.0002765074014949853,0.007395665707593313,0.0069763709050429945,0.005815318993634522,-0.00042241887131111433,0.21815842435106464,0.4136528387144839,1.0001224369579682,-0.0015921215124305999,0.07021428155769889,0.4720115536706946,0.9999945192517193
spread,10,2004-2025,5332,-0.0037692566028539876,-0.0011969870145680517,-0.0026604757506625276,-0.002956377603146265,-0.0014617390534288344,0.32404387424581166,0.37295240896026305,1.000902178324389,-0.0017572871386923872,0.8917371732499357,0.1862669118655914,1.0015633096361014
spread,10,2020-2025,1446,-0.001084163207808242,0.020564323983975785,0.01828973215203411,0.01943943831373096,-0.002322349376932875,-0.61016098385724,0.7291224138156147,1.0004727943780392,-0.001148503876048812,0.09894057094007662,0.46059272798606754,1.0001212197837142
spread,20,2004-2025,5322,-0.009052851491425429,-0.006890301522906039,-0.005904298626476345,-0.009337208414222697,0.0009792555305561113,2.15384001256274,0.01562636031607975,1.000466630322518,-0.0024301623400442285,-0.23217865942614951,0.5918003738928677,1.0022288649593216
spread,20,2020-2025,1436,-0.003144929543944963,0.006734067732013571,0.009253600711494947,0.00686175677607237,0.002536614714780616,1.6445687944374703,0.05002938326594119,1.000052961060734,0.00012855474038775405,0.674792945430424,0.24990366151009913,1.000910781043797
