outcome,window,actual_bp,ea_monetary_bp,ea_monetary_p05,ea_monetary_p95,ea_macro_bp,ea_macro_p05,ea_macro_p95,us_monetary_bp,us_monetary_p05,us_monetary_p95,us_macro_bp,us_macro_p05,us_macro_p95,global_risk_bp,global_risk_p05,global_risk_p95,us_bp,us_p05,us_p95,ea_bp,ea_p05,ea_p95,global_bp,global_p05,global_p95,unspanned_bp
y2,2026 to date,138.99999999999994,-0.41340694848747817,-0.4547713403073309,19.007056458159525,0.05379065566966243,-0.5716335992105301,21.547847167517734,15.520486305034064,2.1469866983916113,50.856865599786026,49.53173672793993,5.328416080945778,59.80606617322038,9.250839137186983,-0.0765556497367758,41.98546691677758,65.052223032974,24.7211840272138,79.4923566598582,-0.3596162928178157,-0.042433804307621635,30.904751119567123,9.250839137186983,-0.0765556497367758,41.98546691677758,65.05655412265678
y2,27 Feb-19 Aug 2026,81.00000000000004,0.22620769779104932,-3.1771028038076476,14.52341070773649,-0.3637442950097241,-3.045305949870976,18.496096986359113,3.016236689320668,-2.399108310239009,28.75183725854345,37.28105638708248,3.7623347519511463,44.17921557025968,5.60751861178296,-0.15670797030413414,27.67060211861254,40.29729307640315,13.231111781714027,50.14398703201816,-0.13753659721867478,-3.1463344132963584,23.15168686260698,5.60751861178296,-0.15670797030413414,27.67060211861254,35.23272490903261
y5,2026 to date,137.99999999999994,-1.2244169280538342,-0.8592173451451227,29.58504951314173,0.3052691041107283,-0.9796168059994773,31.87805300374858,25.70488785118386,3.49204050343379,75.20351989153244,67.43076120018863,5.104405630428264,83.07204384791405,17.45978033659469,-0.8312182386485903,66.71473598332287,93.13564905137248,32.40298643494633,114.44804212379609,-0.9191478239431059,-0.36282701174119,45.71858378896393,17.45978033659469,-0.8312182386485903,66.71473598332287,28.323718435975877
y5,27 Feb-19 Aug 2026,83.99999999999999,0.7504170322803697,-5.170959779322629,22.41674261487946,-1.171328573120031,-5.444836485506221,26.229468341393986,5.061390417395934,-3.9365326646061307,42.722498815217556,50.875435225420304,3.631595500067608,61.696555250295106,10.461837221009716,-0.8961337812964554,43.324401612307106,55.93682564281624,16.234713818098065,71.70530993397877,-0.4209115408396612,-5.516708521432017,33.09813920548901,10.461837221009716,-0.8961337812964554,43.324401612307106,18.022248677013692
y10,2026 to date,117.0,-1.802233244896192,-1.4914541780830515,32.0494417226146,0.32285633991032026,-1.3231317230399944,33.95115990689215,28.99595399064147,4.068360518597851,81.03345089857906,67.26006416416544,3.630930451983815,85.39108325144186,21.094016360080552,-1.7429964776953737,73.80351326426387,96.25601815480691,31.19316905468423,118.7655602589801,-1.4793769049858718,-0.7267476922545265,47.19800181397495,21.094016360080552,-1.7429964776953737,73.80351326426387,1.129342390098401
y10,27 Feb-19 Aug 2026,68.00000000000001,1.080596678046183,-5.651689547929696,24.12998257501968,-1.4152258902610222,-6.2496752773585875,27.711738188875145,5.8152644647401,-4.340312991975562,44.58342372925393,50.794566885218124,2.4829077034536264,62.105018132435184,12.61982949223399,-1.536366506553459,48.182790187727974,56.60983134995823,15.242103030281687,74.09739484082517,-0.3346292122148391,-6.620953222241521,34.46651137497239,12.61982949223399,-1.536366506553459,48.182790187727974,-0.8950316299773675
y30,2026 to date,85.00000000000006,-1.9380894556110797,-1.6685429052931708,29.328110528112006,0.21609952044073902,-1.3037233279047478,31.112920339496696,25.42975251667564,2.7383678798168005,72.3643774394504,59.251754445444405,2.510231836518209,76.66022194823165,21.775596984227857,-2.2757417427678015,70.10832972807938,84.68150696212004,24.5556243918499,106.15964316224908,-1.7219899351703407,-0.9499231368580897,43.18309373956344,21.775596984227857,-2.2757417427678015,70.10832972807938,-19.7351140111775
y30,27 Feb-19 Aug 2026,55.00000000000007,1.141520816320055,-4.897558368848452,22.383206165481738,-0.8903891272866333,-5.42842940550793,25.613119619872716,5.151157523559033,-3.4069880497948484,39.44378394440094,44.78449974781719,1.434774780528417,55.808953155297985,13.025202390772959,-1.8747185989584152,44.93931750000762,49.93565727137623,11.879390514310375,66.80220629591302,0.25113168903342165,-5.834770577198933,32.53393429692207,13.025202390772959,-1.8747185989584152,44.93931750000762,-8.21199135118254
rn2,2026 to date,99.26829836986411,0.24146407067779374,-0.4451951318863262,8.282074772892996,0.06599303352744337,-0.36345947662612577,8.580335701763168,4.114615363512435,0.4687219084572066,20.041968652980415,23.566823981534284,3.198314853398426,27.548212287801903,1.4386240913640402,-0.17020521778701006,14.766583670034832,27.68143934504672,12.438329502344866,34.46019354594845,0.3074571042052371,-0.2749308822960734,12.806544514663681,1.4386240913640402,-0.17020521778701006,14.766583670034832,69.84077782924811
rn2,27 Feb-19 Aug 2026,58.00019303322936,-0.31328487495870605,-1.6512504560822832,5.520073388866144,-0.36890645519677645,-1.1542466798561497,7.429316851641517,0.7165243806123192,-0.7558329581725669,11.665156369511624,17.70591488468945,2.2776875706867923,20.46158262692663,0.8980299029506484,-0.09519597227419589,9.986997182698786,18.42243926530177,7.106844827379706,22.467852877060253,-0.6821913301554825,-1.5611316556833192,9.570036388752543,0.8980299029506484,-0.09519597227419589,9.986997182698786,39.361915195132426
tp2,2026 to date,36.19598250576108,-0.8226053588445262,-0.7256908520447323,12.71089389815435,0.05983387198145798,-0.5191957523076223,13.342415766161729,11.600683185326536,1.4752172863403104,31.4383386741025,25.672201112153648,1.1449509693796571,33.11824052408546,8.38580104922435,-0.9350858565394369,29.231366826452156,37.27288429748018,11.431786484092044,45.99956319065451,-0.7627714868630683,-0.4947620727044123,18.58347132964447,8.38580104922435,-0.9350858565394369,29.231366826452156,-8.699931354080384
tp2,27 Feb-19 Aug 2026,15.509562708469993,0.6332702806217885,-2.0172064964877108,10.149421800444777,-0.33617967350991085,-2.317480390405619,11.168088156630027,2.315996146441655,-1.7635182324888319,17.563054085917443,19.321899828214526,0.6883599813606361,23.86815227782663,5.057288155866345,-0.7303774426321474,19.00080288105091,21.637895974656182,5.427820490609247,28.714485222626962,0.2970906071118776,-2.4412320038066153,13.99667280012534,5.057288155866345,-0.7303774426321474,19.00080288105091,-11.48271202916441
acm2,2026 to date,135.46428087562515,-0.5811412881667315,-0.4530680886858094,19.364517662700155,0.12582690550890135,-0.6142572249002471,21.44415846650187,15.715298548838955,2.0894279487135177,51.495980927752676,49.239025093687886,4.731612130436184,59.87724636835288,9.824425140588371,-0.15070915307718907,43.1725011781898,64.95432364252684,24.27454676363393,79.52469639811919,-0.45531438265783014,-0.05097576377606465,31.148473805783148,9.824425140588371,-0.15070915307718907,43.1725011781898,61.14084647516776
acm2,27 Feb-19 Aug 2026,73.50975574169934,0.319985405663084,-3.2733916877955886,14.822261833135288,-0.7050861287066906,-3.3222047460677135,17.984658516846384,3.0325205270539697,-2.4230456106933755,29.20661019391449,37.02781471290395,3.473183408745813,44.19118850210253,5.955318058816982,-0.18951098845796474,28.175709017084355,40.060335239957915,12.781797653147013,50.11101515738868,-0.38510072304360665,-3.282876857004613,23.163924275288363,5.955318058816982,-0.18951098845796474,28.175709017084355,27.87920316596805
rn5,2026 to date,103.57149736262983,0.17163888825787418,-0.39660732765403045,9.517405448734117,0.11248314739916386,-0.4000014607892469,10.270872730314005,5.445119777332131,0.6464743486037331,24.132884758785597,27.23730508684656,3.3426724487248576,32.07791823362899,2.243754634210677,-0.061372843606888314,18.381164967980705,32.68242486417869,14.225939905322607,40.37961196448787,0.28412203565703803,-0.22178467022209644,15.088955540020889,2.243754634210677,-0.061372843606888314,18.381164967980705,68.36119582858342
rn5,27 Feb-19 Aug 2026,60.662765192823365,-0.20685970038849558,-1.9163292182579899,6.526440950373003,-0.5401580935306435,-1.5248633541748344,8.664412173103281,0.940750014389768,-1.0000167015695995,13.863625443901634,20.43526044861355,2.4397531322541957,23.55125135182047,1.3687747341164633,-0.08154189224081614,12.16932645004081,21.37601046300332,7.885441633370649,26.031938616064238,-0.747017793919139,-1.7477224297524474,11.285824480818066,1.3687747341164633,-0.08154189224081614,12.16932645004081,38.66499778962272
tp5,2026 to date,33.76705748152746,-1.5925790585786874,-1.69831889727944,21.14372446981905,0.21131650047066614,-1.2636436278542262,21.835081433833526,20.85614878384534,2.623643499250224,53.02109235477289,39.61088634381079,0.8162311416622483,53.93514039904,14.88111689998709,-1.656459545763511,49.3156702407122,60.46703512765613,16.802900303929167,74.68897617721686,-1.3812625581080213,-1.2155858015646548,31.42362942159519,14.88111689998709,-1.656459545763511,49.3156702407122,-40.199831988007745
tp5,27 Feb-19 Aug 2026,22.679186960970867,1.0607417789114701,-3.747320771035869,16.18578770963073,-0.9503699470981541,-4.57548616173063,17.689582570899614,4.25726167356016,-3.2866687888458057,29.213639411441974,29.977983562026424,0.21538684551749618,37.35572057679557,8.908810028630656,-1.3966472144338815,31.75222483720471,34.23524523558658,7.600284047943031,45.97356125155363,0.110371831813316,-5.043588272241555,22.375894900738732,8.908810028630656,-1.3966472144338815,31.75222483720471,-20.575240135059687
acm5,2026 to date,137.3385548441573,-1.4209401703208133,-0.9291094108083063,29.67549265134241,0.3237996478698303,-1.033707917106041,32.08843244108114,26.30126856117746,3.783988229858296,76.34065368783905,66.84819143065738,4.724883572098696,82.28779607402164,17.124871534197744,-0.7691951622593087,66.82125682311938,93.14945999183485,32.797384929696165,114.09036514732426,-1.097140522450983,-0.4803417716865079,45.01435829296887,17.124871534197744,-0.7691951622593087,66.82125682311938,28.16136384057569
acm5,27 Feb-19 Aug 2026,83.34195215379425,0.8538820785229695,-5.1630605903611055,22.75457809731711,-1.4905280406287804,-5.732893805259913,25.56602918122703,5.19801168794992,-4.032856792498325,43.12979855243905,50.41324401063999,3.119587925510094,61.05288665564327,10.277584762747109,-0.8690719546226366,43.40374165944692,55.611255698589915,15.807266167532404,71.21228192049357,-0.6366459621058109,-5.583653491204797,32.47156854638956,10.277584762747109,-0.8690719546226366,43.40374165944692,18.089757654563044
rn10,2026 to date,85.55864125319808,0.07511161159343559,-0.2883833256245032,8.604869848405954,0.108960243230211,-0.3501996221242887,9.327817818881295,5.304770693622863,0.634317701700085,21.91984063003463,23.93736616065273,2.8123733239736106,28.275947059395328,2.42480881465305,0.0581854000321513,16.955647556025767,29.242136854275593,12.552781894549584,35.95900943482343,0.18407185482364657,-0.14917547047656468,13.563343244633055,2.42480881465305,0.0581854000321513,16.955647556025767,53.707623729445785
rn10,27 Feb-19 Aug 2026,50.41326125209871,-0.11695984912111844,-1.6811655223807502,5.955145293359845,-0.5049990574518857,-1.405308219642517,7.8578174325372725,0.9360089509540723,-0.940687686963958,12.318063866988163,17.964631456636134,2.0953818117999394,20.755508495348337,1.4690619638699975,-0.06778735655355451,11.09650121504488,18.900640407590206,6.79014486479028,22.979445037546444,-0.6219589065730041,-1.513659079418736,10.05436825373423,1.4690619638699975,-0.06778735655355451,11.09650121504488,30.665517787211506
tp10,2026 to date,23.204545442276455,-2.147362203588437,-2.7140039493088017,25.954083893520792,0.22510925368824936,-1.6819319374937083,26.9113343244376,26.256923338577856,2.8939374418285695,64.12792803329666,45.637574709568646,0.21491607481830358,64.16033630899474,19.18230402096718,-2.256048411613999,60.58571348033869,71.8944980481465,18.002752425667573,89.06723442260201,-1.9222529499001877,-1.9232074048182533,38.105894118381954,19.18230402096718,-2.256048411613999,60.58571348033869,-65.95000367693704
tp10,27 Feb-19 Aug 2026,17.585765834889237,1.3794403349791065,-4.6382239387540185,20.499399156339106,-1.0337006182521826,-6.063529172551801,21.127746155730605,5.4393571239736715,-4.029009122364156,36.024349341744646,34.62328289701464,-0.4186156628608482,43.89861527064419,11.48959753135236,-1.9148616411602004,39.061735132434116,40.06264002098831,7.630419147578034,54.540073895063585,0.34573971672692383,-6.509805226439141,27.09316166889056,11.48959753135236,-1.9148616411602004,39.061735132434116,-34.31221143417836
acm10,2026 to date,108.76318669547453,-2.072250591994996,-1.6192697182399496,33.41889152986558,0.33406949691846094,-1.4310287365599488,35.336366295517415,31.561694032200666,4.527105874971698,85.39611572524967,69.57494087022135,3.5669647719661923,88.90557731244456,21.60711283562023,-1.7550744274022305,76.82390690699117,101.13663490242202,32.28709105870929,124.57147775261701,-1.738181095076535,-0.9860717237257627,49.82717162919478,21.60711283562023,-1.7550744274022305,76.82390690699117,-12.242379947491187
acm10,27 Feb-19 Aug 2026,67.99902708698795,1.2624804858579897,-5.776317947915066,25.91248628651067,-1.5386996757040632,-6.64644902977669,28.76495825539937,6.375366074927733,-4.944801604887355,47.501644425912744,52.587914353650746,2.417499791087849,64.60427477377664,12.958659495222358,-1.597423042934182,49.67357898678607,58.96328042857848,15.919930961400409,77.11082142655891,-0.2762191898460735,-7.04597372971369,36.34894902454685,12.958659495222358,-1.597423042934182,49.67357898678607,-3.64669364696681
s2s10,2026 to date,-21.99999999999997,-1.3888262964087168,-2.765749207200628,12.810515987626061,0.26906568424065824,-1.512421506600194,12.809128126288142,13.475467685607416,0.49442106515630907,30.408082748385098,17.72832743622554,-2.6122158569716487,27.965337126681337,11.84317722289358,-1.6833064058882192,31.566197952776754,31.203795121832957,4.476283915264246,39.74390636493617,-1.1197606121680586,-2.0698223129104294,19.166369203315448,11.84317722289358,-1.6833064058882192,31.566197952776754,-63.92721173255845
s2s10,27 Feb-19 Aug 2026,-13.000000000000036,0.8543889802551372,-3.2238188267241594,9.95444186545355,-1.0514815952512981,-4.051933803514617,9.229210887286271,2.7990277754194284,-2.180104350297764,17.28061426875264,13.513510498135652,-2.59424075206126,19.110223175783606,7.012310880451025,-1.3912027426290714,20.430047831238426,16.31253827355508,0.6180596758868118,24.1209000935745,-0.19709261499616093,-4.66220384212565,12.322362975765829,7.012310880451025,-1.3912027426290714,20.430047831238426,-36.12775653900998
s10s30,2026 to date,-31.99999999999994,-0.13585621071488502,-3.1213398989037398,0.27586455724055625,-0.10675681946958215,-3.372767226501637,0.3651055397444232,-3.5662014739658376,-9.491795201819771,-0.7483696465492666,-8.008309718721032,-9.801935606575912,-0.7603097786525722,0.6815806241472877,-4.265523644250153,0.6476072263276129,-11.57451119268687,-13.571952328509562,-5.563948717658795,-0.24261303018446717,-4.732921349885638,0.2808738459841126,0.6815806241472877,-4.265523644250153,0.6476072263276129,-20.864456401275888
s10s30,27 Feb-19 Aug 2026,-12.999999999999943,0.06092413827386768,-1.9557106502090527,0.9513003757641605,0.5248367629743885,-2.089231888434774,1.229343771837582,-0.6641069411810614,-5.391212472849025,0.8116333856005004,-6.01006713740097,-7.034186174952412,-0.4947818902488242,0.40537289853896924,-2.5607432525236904,0.7476647673714534,-6.674174078582031,-8.301543968584978,-2.610648013161824,0.5857609012482562,-2.65014172523398,1.2642348853906,0.40537289853896924,-2.5607432525236904,0.7476647673714534,-7.316959721205137
s2s30,2026 to date,-53.999999999999915,-1.5246825071236019,-3.807222518090704,10.449985876153923,0.1623088647710762,-1.6411933618829802,9.704953670273987,9.90926621164158,-1.9255351640660217,22.548415561571233,9.720017717504506,-6.131996494499075,19.263587843749452,12.524757847040874,-2.2758717883008446,27.42070489322358,19.629283929146084,-2.0670918211259046,27.65492881478371,-1.3623736423525257,-3.450833812478242,15.484791680377795,12.524757847040874,-2.2758717883008446,27.42070489322358,-84.79166813383435
s2s30,27 Feb-19 Aug 2026,-25.99999999999998,0.9153131185290044,-3.3005391604999788,8.801597674469129,-0.5266448322769093,-3.3325956246201525,7.4204007052875784,2.134920834238368,-1.8054300493321933,12.38630701777569,7.503443360734677,-4.95712570753959,13.542516162014968,7.417683778989995,-1.637029923905548,17.979553435511576,9.638364194973045,-3.0073757615175247,16.91569231111558,0.38866828625209515,-4.276110664420744,10.306933283587627,7.417683778989995,-1.637029923905548,17.979553435511576,-43.44471626021512
