outcome,h,from,period,n,rmse_m0,r2_m1,rmse_m1,r2_m2,rmse_m2,r2_m3,rmse_m3,r2_m4,rmse_m4,cw_p_m3_vs_m2,cw_p_m4_vs_m2,cw_p_m3_vs_m0
y2,1,next close,2012-2025,3443,4.742788830446916,-0.00536654966817296,4.7554980080660325,-0.011942730547918723,4.771025698863017,-0.010648863442998424,4.767974613310922,-0.015065451607770841,4.778381404830927,0.11244318477376958,0.60017272406884,0.5748224378256381
y2,1,next close,2026,186,5.058794110206734,-0.0032109791424441703,5.066909442074425,-0.018099070296433872,5.104368556258822,-0.021380120472572983,5.112586920390243,-0.019470958966728347,5.107806467250932,0.6833206094118417,0.5573625342276177,0.9475413816940317
y2,5,next close,2012-2025,3443,10.087879903182818,-0.019214716201641613,10.184336635347972,-0.056566598795072975,10.369273794338898,-0.05751564479640181,10.373929775782969,-0.057790333972660424,10.375276999919446,0.8016048089878698,0.2609400750419889,0.9374012771206635
y2,5,next close,2026,182,10.07144805547176,-0.013050563052975361,10.136954059640306,-0.11573559860202765,10.63830805502372,-0.11279340077829247,10.624272172037891,-0.10794179392476577,10.601086782781845,0.10059290670988491,0.03204202326392941,0.997085883436758
y2,20,next close,2012-2025,3443,20.975200770014904,-0.06381751143504588,21.634142896753772,-0.15714521548459737,22.563167034826,-0.15849615391735505,22.576334162732294,-0.15806184875647533,22.572101978825913,0.9987313508163322,0.4025953109517934,0.6488470397830776
y2,20,next close,2026,167,23.98802096256793,-0.027896655372064982,24.32031222649526,-0.41378611110426955,28.522413723715623,-0.4132084892554837,28.516586515359677,-0.41039410451049796,28.488177174484065,0.3787260625296038,0.1909407282650617,0.9881753538610827
y2,1,same close,2012-2025,3443,4.742880688289737,-0.0028005874842029765,4.749517470963301,-0.012815146102754138,4.7731742974815345,-0.011936064835963434,4.7711023897847005,-0.014284664312056883,4.77663579987158,0.07208218123407324,0.25690355490721917,0.431415516870442
y2,1,same close,2026,187,5.045779726477199,0.009276052267971457,5.022322744455688,-0.010656861107005478,5.0725945621685,-0.019284848327512982,5.0942009406771716,-0.024127446758759996,5.106287816225282,0.9572301519665412,0.956952851761974,0.8438789042795893
y5,1,next close,2012-2025,3443,5.304112028865395,-0.001568819857084014,5.308270996474445,-0.0069551304391566315,5.322525462896616,-0.0065868142866729595,5.321551958052208,-0.009865607772413743,5.330211958368522,0.12929539447202087,0.5401598954670519,0.10127647515485466
y5,1,next close,2026,186,5.012350338312208,-0.00825590365592177,5.032998549243666,-0.014560469590470415,5.048709552144531,-0.014878652576456819,5.049501169598145,-0.015406493212346328,5.050814127275576,0.39523227005980827,0.4686464188326001,0.806613790247829
y5,5,next close,2012-2025,3443,11.4877853782063,-0.010142169546559998,11.545893946674076,-0.04173802554521866,11.725073444322422,-0.0424607453810133,11.729139953237356,-0.04510685505307399,11.744016734204973,0.20481101004894392,0.2341826459517073,0.6418135243120492
y5,5,next close,2026,182,10.260882724488873,-0.012532389761520157,10.324979220001502,-0.04344177904280433,10.481388888028057,-0.03424063364126728,10.43507373506438,-0.027416657156860813,10.400591166746285,0.037161146078074934,0.005512073604624624,0.9841388418927469
y5,20,next close,2012-2025,3443,22.956183243608784,-0.03835831419174274,23.39232047207426,-0.18251511169879597,24.963359579320517,-0.18474457368177544,24.986880908135625,-0.18390770532946754,24.978054354166193,0.9931029333418037,0.5237905162659535,0.5512632880415897
y5,20,next close,2026,167,23.949922805621096,-0.01857237348026075,24.171303100601005,-0.13037626979762273,25.46335552537962,-0.12833147580345816,25.440314133785435,-0.12261271197865953,25.375762198298546,0.17622425104091477,0.03201422270272005,0.9875870043738549
y5,1,same close,2012-2025,3443,5.303865610602843,-0.0029440787728269857,5.311667371652319,-0.009774836790199304,5.329724782330888,-0.005685506748417168,5.31892182224758,-0.0040000324124631614,5.314462841039675,0.0025702965404688343,0.00018743244391162178,0.03179750196011303
y5,1,same close,2026,187,5.003741915315,0.005097341581204118,4.990972731439455,-0.005701761632184388,5.017986710904308,-0.01598687141844035,5.043580412720539,-0.03858886300078668,5.099372435211314,0.7909169388653141,0.9700835927898591,0.8299647910192409
y10,1,next close,2012-2025,3443,5.207654278513439,-0.00017572639289720193,5.208111819564721,-0.005392437397860661,5.221676375452012,-0.007033713370470318,5.22593676017607,-0.008303074195786353,5.229229356155151,0.3587264720550151,0.46367005044908505,0.08591285050116726
y10,1,next close,2026,186,4.4925266497734535,-0.0050682667258739045,4.503896922754856,-0.007645748059928792,4.509668310417484,-0.012191107489495812,4.5198281306625825,-0.01527918508314019,4.5267176154365725,0.6032738093403692,0.8671793952717335,0.7620188109179808
y10,5,next close,2012-2025,3443,11.298204885443493,-0.0061485734100574785,11.332885579008849,-0.031868342761525836,11.476820532612894,-0.03343165801505665,11.485511126828822,-0.03574988035853255,11.498386217799862,0.35176711028916147,0.4041528126951239,0.29423771591980363
y10,5,next close,2026,182,9.423200268311358,-0.007408849922503125,9.458043388832678,-0.011118889942171695,9.475443212213715,-0.008096095303402606,9.46126893546639,-0.002870075273421868,9.436713226499812,0.1887084497365808,0.06005375946390032,0.6454780374732504
y10,20,next close,2012-2025,3443,22.418795276372794,-0.024126807899572,22.687630390935613,-0.16061814431574217,24.15221404990096,-0.1616359222099939,24.162801598859946,-0.16105026433184566,24.15670979379193,0.79780543969641,0.3650664130798023,0.21590354524286326
y10,20,next close,2026,167,20.185368507817913,-0.011435329481654932,20.30045360385953,-0.03953134333449926,20.580478909171536,-0.03733749142750642,20.558750670745432,-0.03156374009056906,20.50145651766344,0.23706259368180987,0.05253570780952151,0.9211476403353082
y10,1,same close,2012-2025,3443,5.207793708128119,-0.0018674000076017716,5.21265395718421,-0.008200376190077519,5.229103044942405,0.013043660332021312,5.173717878908389,0.01666732181695907,5.1642113579492355,1.6040624318537562e-09,2.3670591805534997e-12,2.0798027415838352e-08
y10,1,same close,2026,187,4.482884861837514,0.0015265451222628013,4.47946189199936,-0.005687351896048964,4.495614659648886,-0.023193152961449526,4.534572994199996,-0.06437473705299057,4.624926802048386,0.49771541668909125,0.8455373669732157,0.5993177306173347
y30,1,next close,2012-2025,3443,5.020955216556766,-5.755207841273702e-05,5.021099697682164,-0.026853544923118866,5.087923831996366,-0.029244724380520726,5.093844376645458,-0.029225849164068674,5.093797668679064,0.6334677447275351,0.6626738457793144,0.28853541774740643
y30,1,next close,2026,186,3.908221276794228,-0.0028673622009003363,3.9138204089632156,-0.004117038792358363,3.9162581625510606,-0.005200271505975795,3.9183700057388076,-0.006456941756415313,3.9208185531219444,0.3549843798270511,0.5636943045606724,0.4530351382135937
y30,5,next close,2012-2025,3443,10.718305816767877,-0.003804872185348085,10.738677349234202,-0.09565042888977371,11.219206735126356,-0.09786234513563996,11.230525780376018,-0.0968915037235969,11.225559096246867,0.6854154147167455,0.22516332810832634,0.3924705655277254
y30,5,next close,2026,182,8.274480827643082,-0.0019625072909017494,8.282596212445537,-0.001952673111578651,8.282555565846645,5.3180933078378345e-06,8.274458825383272,0.0019214310930352196,8.266527583032806,0.2348014689704076,0.1522384663846959,0.32629415757167524
y30,20,next close,2012-2025,3443,20.9285466820159,-0.0160376730457652,21.09570174770424,-0.30834100456299196,23.93864407193263,-0.3114616698094832,23.967176389177638,-0.31014103002607873,23.955105895712695,0.9789417087892924,0.5647077977612925,0.32017455798460237
y30,20,next close,2026,167,15.738316643734267,0.0009621463487695658,15.73074353974003,-0.044285623983315814,16.083032088946133,-0.039894728204847185,16.049184401496994,-0.03811571638860767,16.035450362052845,0.17847888993456001,0.1011263921437861,0.8666882172598833
y30,1,same close,2012-2025,3443,5.021649325847657,-0.0009162981075412358,5.023949462952488,-0.02389533701983937,5.081292134510732,-0.011722304394906846,5.050996224082914,-0.008106936879119786,5.041963334913546,6.017131156402307e-06,4.422849268568012e-07,0.0004980093266771736
y30,1,same close,2026,187,3.898443402509117,0.0023062079151693338,3.893945497220184,-0.004344677010855502,3.9069029626681417,0.001948651222483444,3.8946431970365425,-0.03788047299665975,3.9715945317172503,0.1645744364733714,0.5793344726395082,0.22927342294391218
