outcome,month,actual_bp,leader_mt,share_draws_leader,ea_monetary_bp,ea_macro_bp,us_monetary_bp,us_macro_bp,global_risk_bp
y2,2026-01,6.999999999999984,us_macro,0.205,-0.256664461872966,0.18856737442687097,4.735969416877582,-6.156498800755137,4.727471704115593
y2,2026-02,-14.000000000000012,us_macro,0.38,-0.8630418727101884,-0.18588417189314832,1.7588447792278212,-14.585555905012317,-2.496689165265539
y2,2026-03,41.00000000000002,us_macro,0.294,0.8881152174947735,-0.10728745888783167,9.940462000606217,14.211353211371156,-3.1115202096241372
y2,2026-04,8.999999999999986,us_macro,0.411,0.3115641465662786,-0.04130114282376836,-13.255391805340548,14.176306098076257,4.848261433257651
y2,2026-05,10.000000000000007,us_macro,0.369,-0.5151830672362563,0.2506344297101058,-4.684334063120566,7.806460860132621,2.4822527229910913
y2,2026-06,15.999999999999968,us_monetary,0.364,-0.9652908441165369,-0.03622478220068262,9.779830846161607,-5.615378791865455,-0.11886861300121754
y2,2026-07,14.000000000000057,us_macro,0.249,0.28191134181021305,-0.2092468447532371,6.154308055476111,6.221879833247117,1.3851491977770853
y2,2026-08,5.999999999999961,us_macro,0.487,0.22647513095461075,-0.2090542773554954,-2.6753138452599132,4.860477367302708,0.4207671340619896
y2,2026-09,54.00000000000001,us_macro,0.451,0.5537628697220981,0.13619845574253675,6.635423269110238,24.631549773995605,0.5498092780356789
y2,2026-10,-4.0000000000000036,us_macro,0.283,-0.07505540909950395,0.2673890737043123,-2.869312348704493,3.9811430814473567,0.5642056548387844
y5,2026-01,10.999999999999988,global_risk,0.524,-0.9338310108278787,0.6644431707361073,7.818525856169183,-8.457499464487334,9.262941004727317
y5,2026-02,-28.00000000000002,us_macro,0.317,-2.6931782187712967,-0.679836553503523,3.036398973934827,-19.785342514365134,-4.780331960329427
y5,2026-03,41.000000000000014,us_macro,0.255,2.9129637897424865,-0.37451371342151973,16.608853535186512,19.333553946105983,-6.492859558906678
y5,2026-04,9.999999999999964,us_monetary,0.292,0.67508998338411,0.10924748730931302,-22.004293500199132,19.4976874017393,9.143267583117549
y5,2026-05,11.000000000000032,us_macro,0.305,-1.4004564013477994,0.7136086172920777,-7.699027018793489,10.472694306980166,5.046546667648005
y5,2026-06,6.00000000000005,us_monetary,0.383,-3.511564481044989,-0.15740594986914272,15.934204139995364,-7.705214470654848,-0.6599197853507301
y5,2026-07,25.99999999999998,us_monetary,0.395,1.367864222965671,-0.7532735643072691,10.218980592782849,8.396677413575752,3.0472502703966318
y5,2026-08,4.0000000000000036,us_macro,0.425,0.9133918568267807,-0.5181069424026746,-4.507177092020398,6.753669019147107,0.8400021773667214
y5,2026-09,59.99999999999996,us_macro,0.388,1.7980946664556838,0.5171165262974946,10.991207150442303,33.52645804361061,0.9838110299100444
y5,2026-10,-3.000000000000025,us_macro,0.237,-0.35279133543659946,0.7839900259798646,-4.692784786314149,5.398077518537033,1.0690729080152481
y10,2026-01,12.00000000000001,global_risk,0.568,-1.380045507628754,0.7751219709879509,8.772630540408446,-8.465109603184144,11.425101237377339
y10,2026-02,-28.999999999999957,us_macro,0.284,-3.959902632117403,-0.7944603750197303,3.6206306739581384,-19.708612327870775,-5.802229873705638
y10,2026-03,32.99999999999996,us_macro,0.223,4.315222375542418,-0.46995376110573084,18.97251161536987,19.27596103749636,-8.263477830484373
y10,2026-04,10.000000000000053,us_monetary,0.318,0.9360874250098202,0.07883591163109274,-24.917243323933526,19.540308488872025,11.019619433646886
y10,2026-05,4.999999999999982,us_macro,0.256,-2.0523078408563853,0.897952517067532,-8.562437807891598,10.375680010029557,6.366044679463278
y10,2026-06,-0.9999999999999787,us_monetary,0.383,-5.155638769970147,-0.212070807973136,17.55884748917467,-7.705004718673783,-1.1165517171459816
y10,2026-07,30.99999999999996,us_monetary,0.385,2.027943553448921,-0.8645608162252938,11.573640901611364,8.340633925876187,3.9570543657011568
y10,2026-08,0.0,us_macro,0.39,1.3451192318663818,-0.6779527163917837,-5.247516254403223,6.797943929258036,1.1186664656335428
y10,2026-09,54.0,us_macro,0.357,2.6261555874205804,0.570483395422082,12.431030391378883,33.43170239330073,1.1664611698844798
y10,2026-10,1.9999999999999574,us_macro,0.209,-0.5048666676116277,1.0194610215173372,-5.206140235031544,5.376561029061243,1.2233284297098757
y30,2026-01,6.00000000000005,global_risk,0.617,-1.5056357351107486,0.4777621283029797,7.6586299574210415,-7.483598968746055,11.9874429810293
y30,2026-02,-23.000000000000043,us_macro,0.269,-4.265545363617125,-0.5105344772558447,3.264640749296347,-17.33633447923185,-6.00757890962416
y30,2026-03,24.000000000000018,us_macro,0.222,4.69700879089397,-0.35373900997221275,16.760215098056758,16.988183165541095,-8.874784378122762
y30,2026-04,10.000000000000053,us_monetary,0.254,0.918686017688261,0.1358663559039897,-21.925495214909393,17.228105596773254,11.348842553858164
y30,2026-05,0.9999999999999787,us_macro,0.239,-2.1856359966805474,0.5621839208072392,-7.398450412428367,9.125209249334453,6.79818776445163
y30,2026-06,-8.000000000000007,us_monetary,0.344,-5.58633436972914,-0.20970133063974655,15.211769327313744,-6.821099720049839,-1.4203674939438513
y30,2026-07,35.99999999999994,us_monetary,0.363,2.244215425812275,-0.5158946671407769,10.180346542951938,7.344582199589126,4.307500859373584
y30,2026-08,-1.9999999999999574,us_macro,0.371,1.4685382232041253,-0.40722281060915594,-4.7579802193479095,6.005030125469334,1.2560772895879875
y30,2026-09,38.99999999999997,us_macro,0.338,2.8143665175154973,0.3126164585402361,10.974454992778506,29.47414556381854,1.1891075749778799
y30,2026-10,2.000000000000046,us_macro,0.205,-0.537752965587646,0.7247629525040307,-4.538378304457032,4.727531712946365,1.1911687426400788
s2s10,2026-01,5.000000000000027,global_risk,0.648,-1.1233810457557878,0.5865545965610801,4.036661123530864,-2.3086108024290084,6.697629533261743
s2s10,2026-02,-14.999999999999947,us_macro,0.17,-3.0968607594072144,-0.608576203126582,1.861785894730316,-5.123056422858449,-3.305540708440099
s2s10,2026-03,-8.000000000000052,us_monetary,0.633,3.4271071580476464,-0.3626663022178992,9.03204961476365,5.064607826125217,-5.1519576208602365
s2s10,2026-04,1.0000000000000675,us_monetary,0.357,0.6245232784435416,0.12013705445486107,-11.661851518592975,5.364002390795766,6.171358000389235
s2s10,2026-05,-5.000000000000027,global_risk,0.487,-1.5371247736201288,0.647318087357426,-3.8781037447710327,2.569219149896933,3.883791956472186
s2s10,2026-06,-16.999999999999947,us_monetary,0.351,-4.190347925853611,-0.17584602577245317,7.779016643013063,-2.0896259268083286,-0.9976831041447649
s2s10,2026-07,16.999999999999904,us_monetary,0.358,1.7460322116387086,-0.6553139714720572,5.419332846135251,2.1187540926290716,2.571905167924071
s2s10,2026-08,-5.999999999999961,us_monetary,0.205,1.1186441009117707,-0.46889843903628814,-2.572202409143309,1.9374665619553268,0.6978993315715538
s2s10,2026-09,0.0,us_macro,0.214,2.0723927176984827,0.4342849396795452,5.7956071222686445,8.800152619305127,0.6166518918488009
s2s10,2026-10,5.999999999999961,us_monetary,0.194,-0.42981125851212365,0.7520719478130249,-2.3368278863270513,1.3954179476138866,0.6591227748710913
s10s30,2026-01,-5.999999999999961,us_monetary,0.304,-0.12559022748199505,-0.29735984268497156,-1.1140005829874011,0.9815106344380888,0.5623417436519631
s10s30,2026-02,5.9999999999999165,us_macro,0.402,-0.3056427314997207,0.2839258977638857,-0.3559899246617906,2.3722778486389178,-0.20534903591852155
s10s30,2026-03,-8.999999999999941,us_macro,0.238,0.38178641535154917,0.11621475113351801,-2.2122965173131073,-2.287777871955281,-0.6113065476383904
s10s30,2026-04,0.0,us_monetary,0.63,-0.017401407321559467,0.057030444272896955,2.991748109024123,-2.3122028920987665,0.329223120211277
s10s30,2026-05,-4.0000000000000036,us_macro,0.325,-0.133328155824162,-0.3357685962602929,1.1639873954632325,-1.2504707606950987,0.43214308498835446
s10s30,2026-06,-7.000000000000028,us_monetary,0.508,-0.43069559975899235,0.0023694773333892277,-2.3470781618609227,0.8839049986239458,-0.30381577679786914
s10s30,2026-07,4.999999999999982,us_monetary,0.557,0.21627187236335324,0.3486661490845171,-1.3932943586594244,-0.9960517262870625,0.35044649367242636
s10s30,2026-08,-1.9999999999999574,us_macro,0.425,0.12341899133774378,0.2707299057826278,0.48953603505531507,-0.7929138037886996,0.1374108239544445
s10s30,2026-09,-15.000000000000036,us_macro,0.394,0.18821093009491632,-0.25786693688184587,-1.4565753986003749,-3.9575568294821974,0.022646405093400268
s10s30,2026-10,8.881784197001252e-14,us_monetary,0.304,-0.03288629797601832,-0.2946980690133066,0.6677619305745129,-0.6490293161148786,-0.03215968706979694
