outcome,leader,from,to,days
y2,us_macro,2026-01-30,2026-03-02,21
y2,us_macro,2026-03-10,2026-03-27,14
y2,us_macro,2026-05-07,2026-05-28,15
y2,us_macro,2026-07-09,2026-07-28,14
y2,us_macro,2026-08-27,2026-10-05,27
y5,us_macro,2026-02-04,2026-03-02,18
y5,us_macro,2026-03-11,2026-03-27,13
y5,us_macro,2026-05-07,2026-05-28,15
y5,us_monetary,2026-06-22,2026-07-09,13
y5,us_macro,2026-07-10,2026-07-28,13
y5,global_risk,2026-08-04,2026-08-25,16
y5,us_macro,2026-08-27,2026-10-05,27
y10,us_macro,2026-02-05,2026-02-27,16
y10,us_macro,2026-03-11,2026-03-27,13
y10,us_macro,2026-05-12,2026-05-28,12
y10,us_monetary,2026-06-22,2026-07-09,13
y10,us_macro,2026-07-10,2026-07-28,13
y10,global_risk,2026-08-04,2026-08-25,16
y10,us_macro,2026-08-31,2026-10-05,25
y30,us_macro,2026-02-05,2026-02-27,16
y30,us_macro,2026-03-13,2026-03-27,11
y30,us_macro,2026-05-12,2026-05-27,11
y30,us_monetary,2026-06-22,2026-07-09,13
y30,us_macro,2026-07-10,2026-07-28,13
y30,global_risk,2026-08-04,2026-08-25,16
y30,us_macro,2026-08-31,2026-10-05,25
s2s10,global_risk,2026-02-27,2026-03-19,15
s2s10,us_monetary,2026-03-24,2026-04-10,12
s2s10,us_monetary,2026-04-21,2026-05-14,17
s2s10,us_monetary,2026-06-22,2026-07-09,13
s2s10,global_risk,2026-08-04,2026-08-25,16
s2s10,us_macro,2026-09-14,2026-10-05,16
s10s30,us_macro,2026-02-05,2026-03-03,18
s10s30,us_macro,2026-03-05,2026-03-26,16
s10s30,us_monetary,2026-04-17,2026-04-30,10
s10s30,us_macro,2026-05-12,2026-05-28,12
s10s30,us_monetary,2026-06-22,2026-07-08,12
s10s30,us_macro,2026-07-09,2026-07-27,13
s10s30,us_macro,2026-09-02,2026-10-05,23
