outcome,shock,bp_per_sd_mt,p05,p95
y2,ea_monetary,0.13706755232037335,-1.5344573642257653,1.3343748039366488
y2,ea_macro,-0.06788733809668043,-1.3752684203443055,1.5696245481210718
y2,us_monetary,1.5783909086809431,0.7484351418066645,2.7443265740320704
y2,us_macro,2.8729474198441864,0.897122132248549,2.9049931825773507
y2,global_risk,-1.0170207754365461,-2.489687173585136,-0.06809488719074483
y5,ea_monetary,0.47686889728763704,-2.2203249572343333,2.1970283551072907
y5,ea_macro,-0.20424109714901584,-2.152370100379411,2.283269652965362
y5,us_monetary,2.599412126335729,1.118837246077877,4.120116938283599
y5,us_macro,3.9164850476489934,0.9005642823233254,4.11244617006815
y5,global_risk,-1.9374575156413607,-3.935750247824868,-0.5001780816086904
y10,ea_monetary,0.7010669018326613,-2.382725008439875,2.4612088127427283
y10,ea_macro,-0.25301938051288714,-2.373238917174164,2.4466358474469074
y10,us_monetary,2.9103273051139102,1.1036905715717262,4.428575101988081
y10,us_macro,3.908384202939594,0.6477345483867949,4.298543461636498
y10,global_risk,-2.36253260014244,-4.372564566928975,-0.855636019161355
y30,ea_monetary,0.7591499873555732,-2.1395842270426795,2.311172199434902
y30,ea_macro,-0.16027437757946925,-2.079339785905533,2.287866902174277
y30,us_monetary,2.545060685831798,0.7739732386266754,3.9546649989027145
y30,us_macro,3.4456294651793717,0.4812962573478606,3.885354630936395
y30,global_risk,-2.458893079084056,-4.1298355229468395,-1.0661667378530588
rn2,ea_monetary,-0.13376155558505604,-0.7852339563660142,0.4159723552409169
rn2,ea_macro,-0.06656033810724524,-0.6389751228244289,0.6133976386352016
rn2,us_monetary,0.4368012993296973,0.19791575591737515,1.082167277166049
rn2,us_macro,1.3666857708483775,0.5652095325857988,1.3216758118546603
rn2,global_risk,-0.12573119915243292,-0.8720977596572226,0.28842018782029427
tp2,ea_monetary,0.3431765700855886,-0.8968472340811691,1.0257527872273133
tp2,ea_macro,-0.06333631793622681,-0.8934613431893836,0.9841364431245886
tp2,us_monetary,1.1669875655316124,0.4077766950718254,1.7344864254059875
tp2,us_macro,1.486436678285452,0.22072256749495575,1.6634208880840717
tp2,global_risk,-0.9566705929935798,-1.7203103742876125,-0.37341683683748284
acm2,ea_monetary,0.20941501450053226,-1.54126958332999,1.369624382346384
acm2,ea_macro,-0.12989665604347272,-1.427210219168943,1.5433176702691493
acm2,us_monetary,1.6037888648613094,0.7596393048467869,2.77255208610554
acm2,us_macro,2.8531224491338265,0.8511504517185223,2.8957106464495417
acm2,global_risk,-1.0824017921460107,-2.5428389718028046,-0.1241834947840252
rn5,ea_monetary,-0.09308783206096458,-0.86882444185742,0.5206485632021111
rn5,ea_macro,-0.09594544261125879,-0.7682413278390338,0.7188633605726018
rn5,us_monetary,0.5789657838563484,0.2624582314962675,1.2905223775549155
rn5,us_macro,1.5764302201518547,0.626876207053768,1.522888207816597
rn5,global_risk,-0.2144413955309189,-1.0741614261156647,0.26636657617076953
tp5,ea_monetary,0.6423937950282005,-1.4805296713519118,1.771164076269907
tp5,ea_macro,-0.17156135118702376,-1.5676143737050248,1.6228422938847715
tp5,us_monetary,2.0768576177885922,0.6756278284454877,2.907847061087019
tp5,us_macro,2.3042231321206272,0.1599768130244698,2.68978583101144
tp5,global_risk,-1.6839366060255163,-2.917201929798013,-0.6839659049868377
acm5,ea_monetary,0.5493059629672352,-2.2229699132145964,2.2420185308158427
acm5,ea_macro,-0.2675067937982793,-2.1954998140381288,2.2376567488380417
acm5,us_monetary,2.6558234016449367,1.1574789382939303,4.143339475231094
acm5,us_macro,3.8806533522724838,0.8399528472958431,4.0978167273219235
acm5,global_risk,-1.8983780015564329,-3.9175557694615537,-0.48056867764053834
rn10,ea_monetary,-0.047742607666185696,-0.7568205951462477,0.49278081845494676
rn10,ea_macro,-0.08943748986969563,-0.6758670592025545,0.6405665297717118
rn10,us_monetary,0.5597497575015347,0.26850095928719825,1.1587354214118382
rn10,us_macro,1.385439596230622,0.5319157100159633,1.344171379338741
rn10,global_risk,-0.24164268988466447,-0.9922220466219791,0.18534862389001325
tp10,ea_monetary,0.8566405237818902,-1.7826756374932229,2.250659395849892
tp10,ea_macro,-0.18816217485636727,-1.896068721540003,2.0163073640967393
tp10,us_monetary,2.5981050141613324,0.7491855499771162,3.5605258580881465
tp10,us_macro,2.6603461962480925,0.02636297998664617,3.2165620297747797
tp10,global_risk,-2.1798653392588916,-3.6401463386407307,-0.9647991328964786
acm10,ea_monetary,0.8088979161157055,-2.4748771619214796,2.65963224846699
acm10,ea_macro,-0.27759966472606185,-2.479785896637398,2.541909390397996
acm10,us_monetary,3.1578547716628633,1.228922914113882,4.694935637028506
acm10,us_macro,4.045785792478715,0.6214325801863065,4.455487076384273
acm10,global_risk,-2.421508029143556,-4.564494751215601,-0.8410894164272288
