outcome,h,sample,n,r2_m2_vs_m0,r2_m3r_vs_m0,r2_m4r_vs_m0,r2_m3r_vs_m2,cw_t_m3r,cw_p_m3r,r2_m4r_vs_m2,cw_t_m4r,cw_p_m4r
y10,1,2000-2025,6490,-0.003939407200608702,-0.005028794339529519,-0.004133976297080011,-0.0010851124391644262,-0.20937771644207417,0.5829233065262167,-0.00019380561722726064,1.3721023634062803,0.08501578692460754
y10,1,2020-2025,1496,-0.002080997417351904,-0.002178625338165041,0.0006247093196480868,-9.742517926669692e-05,0.4035011400334083,0.3432897981181465,0.0027000878611344037,1.2623088791332502,0.10341883146168096
y10,1,hedge-regime days,5210,-0.004008060655433132,-0.004633761210935727,-0.0014261197757827748,-0.0006232027211954261,0.21695873161714535,0.41412025314243484,0.0025716336161334397,2.3489814952715045,0.009412421169353518
y10,1,co-movement-regime days,1280,-0.0036518273135504042,-0.006683533824903831,-0.01547681511789012,-0.003020675525962524,-1.0169297606568752,0.8454065777345601,-0.011781962113287303,-0.9282942352035216,0.8233725182006495
y10,5,2000-2025,6486,-0.0007340586491690893,-0.0015331080998561841,-0.004764409133142911,-0.0007984633317723588,0.3294035576582967,0.3709253395436666,-0.004027394140471374,1.0376889872307764,0.14970743685018267
y10,5,2020-2025,1492,-0.005435769223050446,-0.003051384972184268,-0.00564183249036132,0.002371493360245891,2.184366428965726,0.01446766651076842,-0.00020494921069924565,1.319936265509704,0.09342814908829838
y10,5,hedge-regime days,5206,-0.0016454354889856582,-0.0027662945068953615,-0.004299698174606625,-0.0011190177463968887,0.03322115383547866,0.48674911455517617,-0.0026499024421002826,0.9211860423629723,0.17847665207658264
y10,5,co-movement-regime days,1280,0.0032653303949971013,0.003878475770017209,-0.00680369720266083,0.0006151540562576718,0.8346221780674716,0.20196523547889755,-0.010102014011059035,0.48583837740855235,0.31354088102550537
y10,10,2000-2025,6481,-0.0018660930159202227,-0.0025090939732639317,-0.005283710256058116,-0.0006418032927015815,0.09231865500418081,0.4632224335561071,-0.0034112515274871136,0.07582282257298859,0.4697800293010115
y10,10,2020-2025,1487,-0.01163383112279437,-0.011122693784886284,-0.013908430069216715,0.0005052592372682962,0.9182691557300611,0.1792389855497465,-0.0022484409639582648,0.36275159105560595,0.35839522840871174
y10,10,hedge-regime days,5201,-0.003518664576551034,-0.004071523818505618,-0.005394655641815405,-0.0005509207366740654,0.17744429663125946,0.42957970782375166,-0.0018694132271630526,0.4893608573978162,0.3122931213755621
y10,10,co-movement-regime days,1280,0.005355082054864013,0.004318192491718387,-0.004798916693749655,-0.0010424720867099335,-0.4533169249661478,0.6748397263826362,-0.010208666998059002,-0.8582569106983827,0.8046246914999617
y10,20,2000-2025,6471,-0.0028763031586911403,-0.004379320394312547,-0.0065178853914971135,-0.0014987065013776224,-1.6846745716769975,0.9539743124447799,-0.0036311379791669207,-1.2263090131044676,0.8899587945675658
y10,20,2020-2025,1477,-0.021918416673624153,-0.021872530310775185,-0.02628812085854726,4.4902178197747666e-05,0.382189056593206,0.351160569209921,-0.004275981441989041,-0.6836823902042193,0.7529121271365691
y10,20,hedge-regime days,5191,-0.005214837188349586,-0.006797239623109963,-0.007297789877533933,-0.0015741932731381247,-1.5199898355318766,0.9357432348570021,-0.002072146781090467,-1.0648283988237268,0.8565232043373633
y10,20,co-movement-regime days,1280,0.007793996793423186,0.006653199596437065,-0.002959324902545024,-0.0011497584103496994,-0.9276872186251365,0.8232150798160656,-0.010837791407445563,-0.6500171242227903,0.7421594198139971
y2,1,2000-2025,6490,-0.018012516079748186,-0.012568947460618762,-0.010517936358076296,0.005347251171421652,5.129338366387073,1.4538115088576126e-07,0.007361972081180834,4.680997362440796,1.4274130640452795e-06
y2,1,2020-2025,1496,-0.007720453971216346,-0.012454793217833826,-0.02103127376536018,-0.004698068028648583,-0.4018215893100932,0.6560923338518008,-0.013208841541013205,-0.33809320190114667,0.6323535233392817
y2,1,hedge-regime days,5210,-0.01924796904195114,-0.009527107039321026,-0.00035056145932110816,0.009537288567537883,6.345152559720002,1.1110256838190159e-10,0.01854053984565962,7.1735773262667175,3.653147658331234e-13
y2,1,co-movement-regime days,1280,-0.014311427051177716,-0.021681493671888985,-0.0409766918416028,-0.007266078665935538,-1.706264555218591,0.9560205828796305,-0.026289031237621607,-1.5858673002907955,0.9436152925195337
y2,5,2000-2025,6486,-0.007879519227625087,-0.005181036640831582,-0.006683109399962195,0.0026773860717611564,4.04553957532947,2.610137270575552e-05,0.0011870563939821999,4.269374299289406,9.801104106164678e-06
y2,5,2020-2025,1492,-0.00619659246112958,-0.008070144999235973,-0.016625768561671306,-0.0018620143937515543,-0.18245016083140267,0.5723852681519741,-0.010364948737336066,-0.4021165356698166,0.656200868060248
y2,5,hedge-regime days,5206,-0.00871059990524814,-0.0042366458181046784,-0.0010484763614009296,0.00443531979099232,4.4486767283934245,4.320047081939086e-06,0.007595958191147223,5.7075320691259375,5.7313014410771625e-09
y2,5,co-movement-regime days,1280,-0.005264466034710091,-0.008152628091366854,-0.024412874409696306,-0.0028730370506868663,-1.2291776058470634,0.890497388372787,-0.019048130140835173,-0.8730711463985928,0.8086878501344651
y2,10,2000-2025,6481,-0.008029993065037155,-0.007108127201088887,-0.010214997783310586,0.0009145222565701827,2.4607859188204904,0.0069316530241227145,-0.002167598914025959,2.368384590670626,0.008932976694797435
y2,10,2020-2025,1487,-0.01037242344560263,-0.012726900944484143,-0.01807518131697794,-0.002330306572355001,-0.8013771920118516,0.7885433424853461,-0.007623681815371652,-0.7503685652911717,0.7734836210874148
y2,10,hedge-regime days,5201,-0.008504331551612454,-0.00648733032201676,-0.006293987830598313,0.0019999926291766057,2.7568166604509883,0.0029183533723071246,0.0021917047372652654,3.438198403820496,0.0002927992316015272
y2,10,co-movement-regime days,1280,-0.006469540971235421,-0.00915038988309913,-0.023114115952496128,-0.0026636165355553576,-2.0210081180160167,0.978360537629514,-0.0165375844014104,-1.6489317519441173,0.9504191913461997
y2,20,2000-2025,6471,-0.01144326444799515,-0.010916425921083217,-0.012433742996546648,0.0005208779824140697,1.873260375322295,0.030516219377060862,-0.0009792724746575665,3.0354449534817634,0.0012009053095784125
y2,20,2020-2025,1477,-0.017952979541700165,-0.0195020922317386,-0.026400712541195137,-0.0015217919895826881,-0.7043846206862208,0.7594033595361094,-0.008298745786174067,-0.6260640291250944,0.7343635276362919
y2,20,hedge-regime days,5191,-0.010951538640515679,-0.009564555718283962,-0.006309287726212531,0.0013719578725770454,2.3331655226068064,0.009819729804486775,0.004591961866486471,4.566395373664378,2.4809125620104052e-06
y2,20,co-movement-regime days,1280,-0.013222754837724615,-0.015808664639189063,-0.03459733321312375,-0.002552163173515254,-2.077231141061775,0.9811098845125752,-0.02109563595304631,-1.7950654692115602,0.9636783651939761
slope,1,2000-2025,6490,0.0008176534024452176,-3.324811896110447e-05,-6.274321351362744e-06,-0.0008515978332721552,2.2156840086933114,0.01335657542241901,-0.0008246019623967538,3.0239079315023663,0.0012476618243313666
slope,1,2020-2025,1496,-0.009345251819961042,-0.010316161730842044,-0.011541790935952312,-0.0009619205213777793,0.5829955715445202,0.2799481406975798,-0.002176201960657931,0.9335784012541722,0.17526070548930112
slope,1,hedge-regime days,5210,0.003390946380879223,0.0015064348998418131,0.002146619884309864,-0.0018909235012403158,1.8856320238000956,0.029672279439221922,-0.0012485602975917942,2.616289534382599,0.0044445572994133865
slope,1,co-movement-regime days,1280,-0.009869934062477492,-0.006427971560723833,-0.008947831042082521,0.003408322582599821,1.695942548386132,0.044948380391590464,0.0009130908736785237,1.6200016523996719,0.052615960976726314
slope,5,2000-2025,6486,-0.0025269870730071364,-0.0036137510922560345,0.003317509674409802,-0.0010840247028380823,1.5412816240553195,0.06162412961710229,0.00582976500660648,4.307181005743889,8.267415036451398e-06
slope,5,2020-2025,1492,-0.0020901875375765044,-0.002212396050580212,0.0026092158148653954,-0.00012195360709399417,0.7213803455324992,0.23533776789569671,0.004689601206444016,1.976378479086498,0.02405596356101421
slope,5,hedge-regime days,5206,-0.0026768473598270948,-0.004348857140304974,0.00489529243727771,-0.0016675460143320553,1.3216305479311479,0.09314560298575891,0.0075519244480841685,4.26825970789243,9.85019440761549e-06
slope,5,co-movement-regime days,1280,-0.0017412617818761689,0.00024044821478719225,-0.004954887549704301,0.0019782653188691324,1.5054177171750391,0.06610835843762802,-0.003208039730850043,0.6744831102290284,0.25000211003069794
slope,10,2000-2025,6481,-0.004100111714151922,-0.006836649834060626,-0.003555678208238433,-0.002725363823769422,0.3383591721581517,0.3675462687159965,0.0005422103827715796,3.0968384704241867,0.000977982118442043
slope,10,2020-2025,1487,-0.004530375593235325,-0.0060111806239142584,-0.0010063841825536102,-0.001474126683132404,0.013716556732940139,0.4945280571637136,0.003508098407278726,1.9765975979522035,0.024043566947423933
slope,10,hedge-regime days,5201,-0.004273095869471888,-0.007644372309686842,-0.00217122991738794,-0.003356931948172992,0.10474834785548941,0.45828774845565345,0.0020929226927703937,3.093554327559685,0.0009888716935711134
slope,10,co-movement-regime days,1280,-0.00316821498162434,-0.002485303698144481,-0.01101394995695637,0.0006807545068524545,1.0616019686896079,0.14420820980625032,-0.00782095650376613,0.4837163037015799,0.31429361045627535
slope,20,2000-2025,6471,-0.006313283067710618,-0.008852932528136792,-0.008704843507192805,-0.0025237165236298154,0.5211782189823733,0.30112131290458727,-0.002376556565159893,2.0128710121159736,0.0220641004301278
slope,20,2020-2025,1477,-0.00685566788812797,-0.007657232340511744,-0.011739764867482183,-0.0007961066098629566,0.7328229000399619,0.23183322615428686,-0.004850841222951541,0.9762064405221366,0.1644810861273146
slope,20,hedge-regime days,5191,-0.0061282301215470625,-0.009253454996882349,-0.007497469157737191,-0.0031061894316966043,0.21480578237432835,0.41495937222490553,-0.001360899133129978,1.906634380212917,0.02828397490024741
slope,20,co-movement-regime days,1280,-0.007403559191578424,-0.006493174989552486,-0.015818328880289334,0.0009036936525781414,1.4650675367113537,0.07145124628913696,-0.008352928289695027,0.6847183217697751,0.24676084259073278
