set,regime,variable,shock,median,p05,p95
window=250,hedge,dy2,growth,0.342457185538382,0.07093304574363224,0.7344875861176787
window=250,hedge,dy2,monetary,0.3626243986388028,0.1169779072575383,0.7032632133703307
window=250,hedge,dy2,common_premium,0.04962310730717797,0.0002807890326764781,0.3260867630002954
window=250,hedge,dy2,hedging_premium,0.12981453345332883,0.003817234938083972,0.45479216232218894
window=250,hedge,dy5,growth,0.264937838046881,0.041337157201965645,0.6451628483122696
window=250,hedge,dy5,monetary,0.1445864627006337,0.014302001912731056,0.42926195296787384
window=250,hedge,dy5,common_premium,0.23385092472257185,0.037646561421723235,0.5944814017400492
window=250,hedge,dy5,hedging_premium,0.24468022701341718,0.029452943781957154,0.6009121236972449
window=250,hedge,dy10,growth,0.08992399163758304,0.0015853376652570862,0.3932944584791789
window=250,hedge,dy10,monetary,0.0332656226942181,0.00027535346936391876,0.23921413448807224
window=250,hedge,dy10,common_premium,0.3802659950460012,0.10887692595040027,0.7160403819506115
window=250,hedge,dy10,hedging_premium,0.4028068998764691,0.14208220953892575,0.7442724961979863
window=250,hedge,req,growth,0.30993476381507745,0.013413332550454822,0.8007881391263445
window=250,hedge,req,monetary,0.07655743983897838,0.0007182122839691426,0.4296555236186964
window=250,hedge,req,common_premium,0.06718774233481065,0.0003539674353209608,0.44919460607582634
window=250,hedge,req,hedging_premium,0.37790055048702414,0.03201752540592756,0.8449074197986337
window=250,co-movement,dy2,growth,0.24271131753270883,0.034377353845108545,0.6514518972718929
window=250,co-movement,dy2,monetary,0.46584242505726314,0.16526522798447,0.8489834860737507
window=250,co-movement,dy2,common_premium,0.046230773563365815,0.0006979412704604418,0.3008655111149552
window=250,co-movement,dy2,hedging_premium,0.09199945871788864,0.0013338246363706124,0.4587002954296118
window=250,co-movement,dy5,growth,0.24794264998044513,0.05565251054429775,0.6296918377198769
window=250,co-movement,dy5,monetary,0.22370280510370863,0.024946489564304605,0.583194476930577
window=250,co-movement,dy5,common_premium,0.2239520260292111,0.06415661376233486,0.5374543363644195
window=250,co-movement,dy5,hedging_premium,0.16683107258980856,0.009676299613883626,0.5264471568785754
window=250,co-movement,dy10,growth,0.058867196172026154,0.0005733024540205095,0.34097965383853585
window=250,co-movement,dy10,monetary,0.11982482497838806,0.002058941897578774,0.45727471432813904
window=250,co-movement,dy10,common_premium,0.3457347550654627,0.12082321560705087,0.6998604581387163
window=250,co-movement,dy10,hedging_premium,0.34998637535799004,0.08605323551437156,0.7143436476659534
window=250,co-movement,req,growth,0.0947889391790782,0.0010410876568320868,0.5456311046163761
window=250,co-movement,req,monetary,0.09961138534681058,0.0014223898058612972,0.5422209371014197
window=250,co-movement,req,common_premium,0.5037681383238282,0.10473375837017661,0.903650167169428
window=250,co-movement,req,hedging_premium,0.10377048625953741,0.0013951289010250534,0.5587344904207759
window=125,hedge,dy2,growth,0.31143697702512146,0.08033140833144592,0.7343860311749804
window=125,hedge,dy2,monetary,0.38778991651098965,0.14503856360325212,0.7135132993491685
window=125,hedge,dy2,common_premium,0.037542759071414335,0.00023106256838428487,0.22065380503845725
window=125,hedge,dy2,hedging_premium,0.13946577758278908,0.003151898697394069,0.4617209294065216
window=125,hedge,dy5,growth,0.24770065559369248,0.03966345214484363,0.6590948054494569
window=125,hedge,dy5,monetary,0.1554489817858237,0.01694321523518003,0.45203703974991805
window=125,hedge,dy5,common_premium,0.21937184398865986,0.0229586385353575,0.48320451161214595
window=125,hedge,dy5,hedging_premium,0.2623413630816577,0.023742572727653056,0.6343656847003623
window=125,hedge,dy10,growth,0.08166649652922986,0.0013120019290006584,0.385928963566013
window=125,hedge,dy10,monetary,0.03683077296609053,0.00012227673855509313,0.3017331329847159
window=125,hedge,dy10,common_premium,0.34898819036475104,0.11010337177321304,0.6472677574552438
window=125,hedge,dy10,hedging_premium,0.43923589854618694,0.14765863162892398,0.7861640240823519
window=125,hedge,req,growth,0.33501045360259857,0.013738218255292135,0.77086410475732
window=125,hedge,req,monetary,0.05967875514279097,0.0007817999966285667,0.43205839071292257
window=125,hedge,req,common_premium,0.0733352690855007,0.0006548468623775528,0.48172298242259826
window=125,hedge,req,hedging_premium,0.35630193273141075,0.036930567159600775,0.8438620414566904
window=125,co-movement,dy2,growth,0.21648155117845305,0.03234822148252709,0.6285069651084647
window=125,co-movement,dy2,monetary,0.4740618489479931,0.17236527472417099,0.8532346605489024
window=125,co-movement,dy2,common_premium,0.0545299461744736,0.00047252806251366926,0.3053403488027169
window=125,co-movement,dy2,hedging_premium,0.09440981577896684,0.002889747711815052,0.5056332021475004
window=125,co-movement,dy5,growth,0.2136658390673684,0.03801252622563878,0.6262976429715805
window=125,co-movement,dy5,monetary,0.2292690362442165,0.017214714555339735,0.5966046861542581
window=125,co-movement,dy5,common_premium,0.24876428343941892,0.08195471910398165,0.5379022337013319
window=125,co-movement,dy5,hedging_premium,0.1623022686974472,0.014922993826728159,0.544163048858596
window=125,co-movement,dy10,growth,0.04330676315043561,0.0006007829010255975,0.3313354861553841
window=125,co-movement,dy10,monetary,0.10653373960015262,0.001336031241542164,0.47803009921175205
window=125,co-movement,dy10,common_premium,0.3614980278694007,0.14030442068807827,0.7011791917793844
window=125,co-movement,dy10,hedging_premium,0.3466646400633978,0.09980770420031389,0.6930400889293777
window=125,co-movement,req,growth,0.11245775305078398,0.0012658030981522316,0.5755816461503696
window=125,co-movement,req,monetary,0.10614604969777083,0.0019296714807323552,0.5216048009418259
window=125,co-movement,req,common_premium,0.503122990277131,0.1084633624306357,0.8712739483494087
window=125,co-movement,req,hedging_premium,0.10499559127759733,0.0007409306951023552,0.5179511665997645
