period,set,variable,corr_dy10_req,growth,monetary,common_premium,hedging_premium
1983-1999,estimated,dy2,-0.3088926201425479,0.23213251558793097,0.45580775289206327,0.06480289727473477,0.11536127989517689
1983-1999,estimated,dy5,-0.3088926201425479,0.24691594119958143,0.19829209228083172,0.25591061381254443,0.16818693864251097
1983-1999,estimated,dy10,-0.3088926201425479,0.04686211008367969,0.1137442827739025,0.38245036221688766,0.33430217165834275
1983-1999,estimated,req,-0.3088926201425479,0.0724309654955624,0.11514647119077412,0.5243819154638352,0.10209331958770683
1983-1999,no stock-bond covariance,dy2,-0.3088926201425479,0.26930831016015766,0.4026759817956276,0.05989361715186839,0.12204394864092197
1983-1999,no stock-bond covariance,dy5,-0.3088926201425479,0.265810312392455,0.16300409919944503,0.23475908863357697,0.19873743512410164
1983-1999,no stock-bond covariance,dy10,-0.3088926201425479,0.06676726510716006,0.06825274023576233,0.35784904663847583,0.3794762676855775
1983-1999,no stock-bond covariance,req,-0.3088926201425479,0.13647211866890485,0.1329556201684127,0.25743295361945495,0.24348981628457175
2000-2025,estimated,dy2,0.2884954063478169,0.33400085565637644,0.3872497987132063,0.041863923297847425,0.12660056471726416
2000-2025,estimated,dy5,0.2884954063478169,0.2533295135186958,0.16176799385331725,0.2170271674252715,0.23831737511514267
2000-2025,estimated,dy10,0.2884954063478169,0.0870727181909223,0.03971578908598354,0.36927198912662695,0.40085285601937437
2000-2025,estimated,req,0.2884954063478169,0.26936736068987766,0.05731429404653808,0.0987139445129693,0.37152700566061925
2000-2025,no stock-bond covariance,dy2,0.2884954063478169,0.3005050588804276,0.42121750600033137,0.0461217586957907,0.09233439064227329
2000-2025,no stock-bond covariance,dy5,0.2884954063478169,0.2116370712006411,0.18159754280084722,0.2486884455074326,0.2191109582428722
2000-2025,no stock-bond covariance,dy10,0.2884954063478169,0.06146601309477398,0.053947508951100884,0.37883305043766813,0.3741815241329373
2000-2025,no stock-bond covariance,req,0.2884954063478169,0.17483810811029035,0.15170749216879909,0.2059966458214576,0.19008392577898675
