set,variable,shock,median,p05,p95
1983-2025,dy2,growth,3.0078483211451887,1.09767156777827,4.723219800900307
1983-2025,dy2,monetary,3.522701987812683,2.141221776443066,4.894145481559075
1983-2025,dy2,common_premium,1.1498939432791044,0.14535286136750783,3.135971786924144
1983-2025,dy2,hedging_premium,-1.9870725374492997,-3.86272635527193,-0.3209298621819419
1983-2025,dy5,growth,3.120375169598102,1.3635468164031395,5.095984786828377
1983-2025,dy5,monetary,2.590953408028163,0.8742549181294529,4.49941903619252
1983-2025,dy5,common_premium,2.960706200180139,1.2375750495702282,4.686695149267461
1983-2025,dy5,hedging_premium,-2.8972293060758707,-4.792135021975904,-0.8091890913030507
1983-2025,dy10,growth,1.6283890747841314,0.1631899603419133,3.8112679039599318
1983-2025,dy10,monetary,1.468377677737862,0.13096157999349708,3.5944889841684136
1983-2025,dy10,common_premium,3.6463269103029954,2.1238531673473116,5.109224143245109
1983-2025,dy10,hedging_premium,-3.8459739333956775,-5.323216374986729,-2.0456276945895926
1983-2025,req,growth,0.5179367630375015,0.09250156770958672,0.9920339936734754
1983-2025,req,monetary,-0.3661630178156987,-0.8367193680429119,-0.038656774202823006
1983-2025,req,common_premium,-0.5183745071530035,-0.9241869817541092,-0.10119629008086617
1983-2025,req,hedging_premium,-0.5509776325920923,-0.9750573871784286,-0.09894558565218756
benchmark,dy2,growth,2.9350352481403332,1.0461858709453364,4.57543664131787
benchmark,dy2,monetary,3.6234314359852053,2.1854777188533356,5.032718226831503
benchmark,dy2,common_premium,1.281303610023748,0.13588691142128878,3.3399194557720477
benchmark,dy2,hedging_premium,-1.76381666611891,-3.7852151783975674,-0.19361058754531635
benchmark,dy5,growth,2.9901034389858467,1.1829941410848133,4.8558243792913105
benchmark,dy5,monetary,2.759898073647744,0.8913585322388936,4.573147505363706
benchmark,dy5,common_premium,3.0370626625308934,1.2615578128597864,4.881912544775515
benchmark,dy5,hedging_premium,-2.7694502641339493,-4.804237825963678,-0.6244391792887664
benchmark,dy10,growth,1.4916791681351125,0.1614169559532515,3.679958940874813
benchmark,dy10,monetary,1.6033713503719977,0.174314198801792,3.718910996930746
benchmark,dy10,common_premium,3.7624947479847313,2.10474631998341,5.32954984737392
benchmark,dy10,hedging_premium,-3.6733863187566302,-5.281518922468688,-1.7689680049051193
benchmark,req,growth,0.44987111647907346,0.05524895930792451,0.9533797396793463
benchmark,req,monetary,-0.41729439962172943,-0.8806983163811852,-0.05739978786478676
benchmark,req,common_premium,-0.5133884511836717,-0.9740613538270804,-0.09900747770148306
benchmark,req,hedging_premium,-0.5288760902609313,-1.0049188510403815,-0.08713721903925634
